$MeshFormat
4.1 0 8
$EndMeshFormat
$PhysicalNames
4
2 2 "inlet"
2 3 "outlet"
2 4 "walls"
3 1 "volume"
$EndPhysicalNames
$Entities
2 3 3 1
1 -0.0202770171933829 -2.48321842021322e-18 0.1 0 
2 -0.0202770171933829 -2.48321842021322e-18 0 0 
1 -0.0202771171933829 -0.0202771171933829 0.0999999 0.0202771171933829 0.0202771171933829 0.1000001 0 2 1 -1 
2 -0.0202771171933829 -1.000000000024832e-07 -1.000000000028756e-07 -0.0202769171933829 9.999999999751677e-08 0.1000001 0 2 1 -2 
3 -0.0202771171933829 -0.0202771171933829 -1e-07 0.0202771171933829 0.0202771171933829 1e-07 0 2 2 -2 
1 -0.0202771171933829 -0.0202771171933829 -1.000000000028756e-07 0.0202771171933829 0.0202771171933829 0.1000001 1 4 4 -1 2 3 -2 
2 -0.0202771171933829 -0.0202771171933829 0.0999999 0.0202771171933829 0.0202771171933829 0.1000001 1 2 1 1 
3 -0.0202771171933829 -0.0202771171933829 -1e-07 0.0202771171933829 0.0202771171933829 1e-07 1 3 1 3 
1 -0.0202771171933829 -0.0202771171933829 -1.000000000028756e-07 0.0202771171933829 0.0202771171933829 0.1000001 1 1 3 1 2 -3 
$EndEntities
$Nodes
9 681 1 681
0 1 0 1
1
-0.0202770171933829 -2.48321842021322e-18 0.1
0 2 0 1
2
-0.0202770171933829 -2.48321842021322e-18 0
1 1 0 19
3
4
5
6
7
8
9
10
11
12
13
14
15
16
17
18
19
20
21
-0.01928458933279567 -0.006265942907988323 0.1
-0.01640445150467976 -0.01191853166675139 0.1
-0.01191853166675137 -0.01640445150467978 0.1
-0.006265942907988302 -0.01928458933279568 0.1
3.229439054378236e-17 -0.0202770171933829 0.1
0.006265942907988364 -0.01928458933279566 0.1
0.01191853166675144 -0.01640445150467973 0.1
0.01640445150467982 -0.01191853166675132 0.1
0.0192845893327957 -0.006265942907988252 0.1
0.0202770171933829 6.707199950777793e-17 0.1
0.01928458933279565 0.00626594290798838 0.1
0.01640445150467974 0.01191853166675142 0.1
0.01191853166675134 0.01640445150467979 0.1
0.006265942907988288 0.01928458933279568 0.1
-2.981117212356914e-17 0.0202770171933829 0.1
-0.006265942907988343 0.01928458933279566 0.1
-0.01191853166675138 0.01640445150467977 0.1
-0.01640445150467976 0.01191853166675139 0.1
-0.01928458933279567 0.006265942907988323 0.1
1 2 0 15
22
23
24
25
26
27
28
29
30
31
32
33
34
35
36
-0.0202770171933829 -2.48321842021322e-18 0.09375
-0.0202770171933829 -2.48321842021322e-18 0.08749999999999999
-0.0202770171933829 -2.48321842021322e-18 0.08124999999999999
-0.0202770171933829 -2.48321842021322e-18 0.075
-0.0202770171933829 -2.48321842021322e-18 0.06874999999999999
-0.0202770171933829 -2.48321842021322e-18 0.06249999999999999
-0.0202770171933829 -2.48321842021322e-18 0.05624999999999999
-0.0202770171933829 -2.48321842021322e-18 0.04999999999999999
-0.0202770171933829 -2.48321842021322e-18 0.04374999999999997
-0.0202770171933829 -2.48321842021322e-18 0.03749999999999994
-0.0202770171933829 -2.48321842021322e-18 0.03124999999999991
-0.0202770171933829 -2.48321842021322e-18 0.02499999999999992
-0.0202770171933829 -2.48321842021322e-18 0.01874999999999992
-0.0202770171933829 -2.48321842021322e-18 0.01249999999999994
-0.0202770171933829 -2.48321842021322e-18 0.006249999999999978
1 3 0 19
37
38
39
40
41
42
43
44
45
46
47
48
49
50
51
52
53
54
55
-0.01928458933279567 -0.006265942907988323 0
-0.01640445150467976 -0.01191853166675139 0
-0.01191853166675137 -0.01640445150467978 0
-0.006265942907988302 -0.01928458933279568 0
3.229439054378236e-17 -0.0202770171933829 0
0.006265942907988364 -0.01928458933279566 0
0.01191853166675144 -0.01640445150467973 0
0.01640445150467982 -0.01191853166675132 0
0.0192845893327957 -0.006265942907988252 0
0.0202770171933829 6.707199950777793e-17 0
0.01928458933279565 0.00626594290798838 0
0.01640445150467974 0.01191853166675142 0
0.01191853166675134 0.01640445150467979 0
0.006265942907988288 0.01928458933279568 0
-2.981117212356914e-17 0.0202770171933829 0
-0.006265942907988343 0.01928458933279566 0
-0.01191853166675138 0.01640445150467977 0
-0.01640445150467976 0.01191853166675139 0
-0.01928458933279567 0.006265942907988323 0
2 1 0 352
56
57
58
59
60
61
62
63
64
65
66
67
68
69
70
71
72
73
74
75
76
77
78
79
80
81
82
83
84
85
86
87
88
89
90
91
92
93
94
95
96
97
98
99
100
101
102
103
104
105
106
107
108
109
110
111
112
113
114
115
116
117
118
119
120
121
122
123
124
125
126
127
128
129
130
131
132
133
134
135
136
137
138
139
140
141
142
143
144
145
146
147
148
149
150
151
152
153
154
155
156
157
158
159
160
161
162
163
164
165
166
167
168
169
170
171
172
173
174
175
176
177
178
179
180
181
182
183
184
185
186
187
188
189
190
191
192
193
194
195
196
197
198
199
200
201
202
203
204
205
206
207
208
209
210
211
212
213
214
215
216
217
218
219
220
221
222
223
224
225
226
227
228
229
230
231
232
233
234
235
236
237
238
239
240
241
242
243
244
245
246
247
248
249
250
251
252
253
254
255
256
257
258
259
260
261
262
263
264
265
266
267
268
269
270
271
272
273
274
275
276
277
278
279
280
281
282
283
284
285
286
287
288
289
290
291
292
293
294
295
296
297
298
299
300
301
302
303
304
305
306
307
308
309
310
311
312
313
314
315
316
317
318
319
320
321
322
323
324
325
326
327
328
329
330
331
332
333
334
335
336
337
338
339
340
341
342
343
344
345
346
347
348
349
350
351
352
353
354
355
356
357
358
359
360
361
362
363
364
365
366
367
368
369
370
371
372
373
374
375
376
377
378
379
380
381
382
383
384
385
386
387
388
389
390
391
392
393
394
395
396
397
398
399
400
401
402
403
404
405
406
407
0.01806695461038385 0.009205573168851337 0.0945115673278399
-0.01955460139818213 0.005364232509778006 0.04687499999999998
-0.01955474517055881 -0.005363708379027771 0.05312367077026709
0.02002737346395144 -0.003172024337258351 0.005488432672160111
-0.01955491459662705 -0.005363090655523923 0.034373762946325
-0.01955460139818358 0.005364232509772735 0.06562499999999999
0.01433801635967732 -0.01433801635967721 0.09451156732783944
0.0088037148465261 0.01826614439781427 0.006444433185635671
-0.01955514154703581 -0.005362263079721088 0.07187300455020641
-0.01955460139818264 0.005364232509776157 0.02812499999999991
0.003172024337258459 -0.02002737346395143 0.005488432672160166
0.003172024337258388 0.02002737346395144 0.09451156732783986
-0.003062427208060633 -0.02004442480731427 0.09451130243028431
-0.009205573168851292 0.01806695461038387 0.005488432672203878
-0.01955460139817973 -0.005364232509786777 0.02187499999999992
-0.01955460139818571 0.005364232509764972 0.078125
-0.01433801635967726 -0.01433801635967727 0.09451156732783979
-0.009205573168851277 -0.01806695461038388 0.005488432672160772
-0.009394505120105498 0.01796943793803961 0.09420938480155476
0.01807970325400368 0.009180509599576406 0.005063058559687793
0.02002737346395144 -0.003172024337258351 0.09451156732783925
0.01433801635967732 -0.01433801635967721 0.005488432672160771
-0.01955460139816878 0.005364232509826681 0.01562499999999993
-0.01955557972438423 -0.005360664875180907 0.08437163457535475
-0.01955460139818479 0.005364232509768314 0.090625
-0.01955460139818488 -0.005364232509767976 0.00937499999999996
-0.01810289580214969 0.009134691556766257 0.006354611738456318
-0.01955460802541511 -0.005364208351016674 0.04687400104180706
-0.01743405250032805 -0.0103542860534443 0.05000000000004381
-0.01743478113858737 -0.01035305910879988 0.05626362427723384
-0.01406120920703334 -0.01460957979877541 0.05313279479584958
-0.0140604697051768 -0.01461029150737764 0.04685948424462385
-0.00967327181181488 -0.01782092137672723 0.0499908017800435
-0.009673840080567122 -0.01782061290630485 0.04371035453690001
-0.004580694199925932 -0.01975283946442918 0.04685301214700419
-0.004580426324289122 -0.01975290158302078 0.05314421908791216
0.0008488752386078518 -0.02025924078266568 0.05000024872029329
0.0008480955884665869 -0.02025927343548058 0.04370330883611529
0.006219917297613783 -0.01929948328509317 0.04685060843672087
0.006206165240648504 -0.01930390994763787 0.05309757352566827
0.006218498673918479 -0.01929994042745262 0.04054878811065496
0.01114305911557924 -0.01694076916221493 0.04369715703735797
0.01114095960878397 -0.01694214995967719 0.03739211099633354
0.01525784477879504 -0.01335498404967009 0.04053914788595314
0.01525737572079424 -0.01335551992156293 0.03423579412650954
0.0182694982272189 -0.008796752854684007 0.0373860469250491
0.01826925546611525 -0.008797257014238251 0.04368772863956621
0.01995506708515597 -0.003598989286962455 0.04053756996988214
0.01995516308665646 -0.003598456953430086 0.04684609686592137
0.02019167964687712 0.001858359302888969 0.04369205591329504
0.02019171125738542 0.001858015812397873 0.04999877595150823
0.01896383214041802 0.007178474546224597 0.04684643098628897
0.01896347071832755 0.007179429265330187 0.05315091438366628
0.02019176362423792 0.001857446635477936 0.05630786646542215
0.01896401403306715 0.007177994010472435 0.04054246678705434
0.01896270834642532 0.007181442642614176 0.05946085719781772
0.01635762666979831 0.01198271571857769 0.05630432577273377
0.01635619311166902 0.01198467242583362 0.06261300773984721
0.02019182632225286 0.001856764937390459 0.06261846468136152
0.01256636556272787 0.01591363826422585 0.0594587393353898
0.01256289244934021 0.01591638022815038 0.06576399404392924
0.006206907790406255 -0.01930367120374101 0.03427732157829612
0.007861016543847346 0.01869122374693814 0.06260886257935384
0.00785989732895004 0.01869169441862106 0.05631628429380684
0.01635474250885952 0.01198665189824286 0.06892046152498181
0.007858365273800691 0.01869233857718903 0.06891130611057097
0.01826857935206936 -0.00879866096164018 0.03107609404821573
-0.01406402431039189 -0.01460686983776646 0.05940497030487686
0.002595790747239036 0.02011017893150864 0.05945322361098243
0.002597685405326359 0.02010993428123772 0.05316030036537935
-0.002850260531270778 0.02007569279413853 0.05630193034886589
-0.002854342931967245 0.02007511276898525 0.06259137091476913
-0.002847649230233782 0.02007606336218071 0.05001224234735416
0.01525320804068704 -0.01336027959019817 0.02792054396037959
0.002599010659363979 0.0201097630481629 0.04687112665957293
-0.002845354181831599 0.02007638876493179 0.04372544533522504
0.002600193285011363 0.02010961016880555 0.04058234931131563
-0.002845726840177335 0.02007633594588017 0.03743547201447053
0.002603303583953619 0.0201092077593952 0.03429131215023856
-0.002847111009884705 0.02007613969761466 0.031141241638948
0.002606097467171413 0.0201088458707194 0.02799528601720506
0.01995412590712613 -0.003604203870940665 0.05946621970038382
0.01995383604095287 -0.003605808302103148 0.0657764416364342
-0.002848219557291361 0.02007598245701088 0.02484441170919901
0.01826820551403103 -0.008799437115967828 0.02475928156983099
0.01995551617102804 -0.003596498381562835 0.02791409895143729
0.01826424425142445 -0.008807656225412908 0.06261875059559022
0.01826378448105022 -0.0088086095775948 0.06893532259626682
0.01995412193237601 -0.003604225876470076 0.07209541447438129
0.01826310341767648 -0.008810021555932744 0.07525653030810874
0.01524214717805205 -0.01337289705573724 0.07209469459370191
0.007871137955228008 0.01868696373278749 0.03114051980856533
0.007876565422100877 0.01868467670076501 0.02484497587093759
0.01257694275966142 0.01590528016354776 0.02799738789225822
-0.008086001769379526 0.01859499937204455 0.04059129540805635
-0.00808324060162622 0.0185961998170854 0.05316552064480421
0.01258078096535679 0.01590224438758448 0.02168959485432425
0.01995537405552491 -0.003597286833827565 0.02159697710961252
0.01995428501440054 -0.003603322886561235 0.0784173453717725
0.0152493388888616 -0.01336469564611926 0.02160260506418619
0.01524047494153334 -0.01337480279545235 0.07841373066407123
0.01110843230375412 -0.01696349486437443 0.07525217128810632
-0.008100633142669593 0.01858863009876276 0.0279890685396868
-0.008099564006383925 0.01858909597498587 0.02169913513635353
-0.002848924785752981 0.02007588239221051 0.01854279004676468
0.01110968489567393 -0.01696267454676827 0.06893135895559629
0.006165507679758301 -0.01931693405568252 0.07210429790843351
0.006163425510699624 -0.01931759851106764 0.07841251634545819
0.0007812486955559011 -0.02026196132501585 0.07524824560874482
0.0007834144264540936 -0.02026187770413121 0.06893819694846236
-0.00465329382598152 -0.01973586286002789 0.07208485670513937
-0.004657210155687657 -0.01973493906315663 0.07839106279369076
0.007860299383283607 0.01869152534882847 0.04372688367895081
-0.009754493498082988 -0.01777659367979711 0.07524905808459853
0.01636941653917765 0.01196660471594358 0.02483744166983245
-0.0097549135000598 -0.01777636320699757 0.08153455235990138
0.01638303774419121 0.01194794963720353 0.01909589105768264
0.01826533808123021 -0.008805387614359013 0.05630842253298485
0.01257287420727471 0.01590849648548825 0.03430885431106024
0.0111210394396614 -0.01695523246795046 0.02476967772351188
0.01111593667314845 -0.01695857830536803 0.01844828423424043
0.006176323651575052 -0.01931347851661477 0.02161421770739782
0.02019097484287449 0.001866001381338009 0.07526019200607512
0.0201907764656404 0.001868146668569549 0.08158335442328182
0.01895389828812739 0.007204662791836076 0.07842830291173999
0.01524659509054212 -0.0133678257172138 0.05946083396333932
-0.00464795372990245 -0.01973712117775618 0.06578102842369769
-0.01406528038065654 -0.01460566034365664 0.04057471752535392
-0.009676006129379551 -0.01781943690594501 0.03742728385443265
-0.01275862633829601 0.01575991371234263 0.02484561426216645
-0.01276026159904408 0.01575858972702528 0.01855287938541151
-0.01275272153084176 0.01576469218911523 0.03113097070898858
-0.01413833548158692 -0.01453495428513093 0.07838127425683133
-0.01406846877787186 -0.01460258923981602 0.03428886256948136
-0.009678571252871028 -0.0178180437973377 0.03114069599660875
-0.01407206032368008 -0.01459912821052869 0.02800422020829259
-0.009680993394436789 -0.01781672790266543 0.02485226211322437
-0.004590942747087682 -0.01975046001878713 0.02798997404699831
-0.01407629124861925 -0.01459504885037357 0.02171123053814007
-0.009682926981861299 -0.01781567712226196 0.01856039063763515
-0.01408162548124491 -0.01458990233232217 0.01541571827689949
0.007874306108590485 0.01868562895834551 0.01854381263339496
-0.01413473550953237 -0.01453845515645697 0.07208620604198553
0.000785650153830965 -0.02026179113742246 0.06263115024466046
0.01524955386516747 -0.0133644503506168 0.053156196817827
-0.01744143798956852 -0.01034184060584873 0.06248610155791061
0.01635768721564461 0.01198263306689656 0.04373049133736252
0.02019022597551372 0.001874086795865362 0.02475976675908096
0.0201902552558938 0.001873771320785565 0.01843568111277702
0.020190223333738 0.001874115256468385 0.03107852116566571
0.01524668500888105 -0.01336772316068476 0.01528144221365546
0.006191389870863133 -0.01930865395950011 0.01574067834647074
0.0007994654571856948 -0.02026125073245758 0.01829604022609002
0.0199548920442561 -0.003599959689056291 0.01527381520573031
-0.01414278495098582 -0.01453062490366175 0.08467911932909132
0.01995417748369867 -0.003603918313419263 0.08474330786699824
-0.004661319136012503 -0.01973396894121883 0.08469517522780516
0.01895229467415833 0.007208880138039163 0.08474207886924434
0.01632883509530898 0.01202192042441437 0.08157656018203496
-0.01647787320106496 0.01181681518135791 0.02170629955549458
0.020190178437858 0.001874598865944302 0.01210657868415125
0.01632832200654169 0.01202261729871795 0.08790692967007742
0.01251160889444911 0.01595672488742874 0.08474270218303744
0.01251284717947944 0.01595575387513042 0.07841279412194889
0.007785116191382107 0.01872296429915482 0.08157476441024025
0.01250875011284746 0.01595896603402252 0.08959773166657198
0.0007749690580659367 -0.02026220247702076 0.01213614794184738
-0.0164955552477537 0.01179211954353632 0.01541309067164628
-0.01276282238921125 0.01575651582432467 0.01226137406858165
-0.00968283231490041 -0.01781572857399512 0.01225851359615759
-0.01409786694496753 -0.01457420920196831 0.01002568842416381
-0.01406669571766118 -0.0146042972390827 0.06568423023472829
-0.004645552108765923 -0.01973768658849072 0.05948009108667301
0.007787497139337143 0.0187219741097343 0.07525292182510779
0.002494685395039799 0.02012297122794049 0.07841517469590496
0.002493322957373382 0.02012314008525957 0.08472957113363572
-0.002974522752858494 0.0200576579054852 0.08157035200843844
-0.002971397324424741 0.02005812115331711 0.07525584494175239
-0.008219939877577909 0.01853618123211333 0.07840562875450671
-0.008219027596465294 0.01853658575976946 0.07210946750717379
-0.01285989177218902 0.01567739167936844 0.07524628952519015
-0.01286630601891938 0.01567212798851083 0.08154160877041955
-0.01285724800583155 0.01567955994208022 0.06895553236092811
-0.01654839247938366 0.01171785529049681 0.07208523046957192
-0.003042459947904175 0.02004746526935874 0.08635259370267893
-0.01653659104427957 0.01173450394754711 0.06575967127254961
-0.01285495450167957 0.01568144033628589 0.06267378393129629
-0.01653826688465715 0.01173214194904744 0.05938108920137939
-0.01285459582866416 0.01568173435377719 0.05639769591890916
-0.01653854727846406 0.01173174668064201 0.05352573906166468
-0.01885977150498227 0.007447579810959032 0.0562925583692211
-0.002971895079167317 0.02005804740993417 0.06895187196414192
0.0008476325908421883 -0.02025929281223034 0.05629832799533994
0.006190799510645136 -0.01930884325069065 0.05951771409039825
-0.0164681104895156 0.01183041686357044 0.02806027895152416
-0.01647325578950983 0.0118232512429588 0.03445892993536552
0.0125608495419683 0.0159179924941803 0.07206893849116477
-0.008103061111678161 0.01858757183930045 0.03428558090060285
-0.01274642257896389 0.01576978559458642 0.03745112984685174
-0.01273135115025338 0.01578195565035232 0.0437238518031564
-0.01649559083694344 0.0117920697589903 0.04055591089855374
-0.01882399051842071 0.007537559765809685 0.03746568905975309
-0.01648379644939585 0.01180855117597542 0.04684554802273239
-0.008073558921383908 0.01860040517310545 0.04685995025571273
-0.008207917951448351 0.01854150773704872 0.08351910956525799
-0.01288068611367133 0.01566031134753777 0.08784478803684473
-0.01656552911952657 0.01169361668821341 0.08469999973787115
-0.01659561294901055 0.01165088224588075 0.09097692636490613
-0.01655914393760668 0.01170265689125207 0.07842235984061693
0.002495700867532963 0.02012284531174807 0.07210382443512672
0.00259174560629931 0.02011070065842993 0.06574895209188084
-0.008089741163900285 0.01859337285598939 0.05943763006697969
0.007781489185373107 0.01872447201708681 0.08789923713082447
0.01635786442305621 0.01198239115442563 0.0500163757048795
0.01257119119606446 0.01590982646582725 0.05314761848154213
-0.008218861607776597 0.01853665935741826 0.06581671801133669
0.01995496928806216 -0.003599531493575506 0.03422905949279209
0.01524439830861497 -0.01337033082870588 0.06577630822599419
0.01113729834612002 -0.01694455699657734 0.04997927238398182
0.01636365325448275 0.01197448447440648 0.03112767279087474
0.02019188093844129 0.001856170904996951 0.03738884717711125
-0.01743808953846871 -0.01034748566121712 0.04376010834907409
0.01113687306742248 -0.01694483651561341 0.03109458538953364
0.01826793761928591 -0.008799993261282911 0.01844013280866022
0.01826196526746318 -0.008812380542776969 0.08157840930342768
0.01523672699031488 -0.0133790723476389 0.08473895916755521
0.02019175867798682 0.001857500403954173 0.06892951716217556
0.01896223722169632 0.007182686531435175 0.06577318326303107
0.01896174892189791 0.007183975506893758 0.07208495603109037
-0.01955470486295773 -0.005363855328340149 0.05937424307465329
0.01257850995761459 0.01590404079179051 0.04684408543095689
0.006191891109127165 -0.01930849322845928 0.02793222950570891
-0.019555139627746 0.005362270078996769 0.02187849304335219
0.01525515064844214 -0.01335806142200586 0.0468344691070902
0.0008451340928458793 -0.0202593971930523 0.03740368364947665
-0.004583812518923472 -0.01975211606517404 0.04056510096331865
-0.01955460139817972 -0.005364232509786812 0.04062499999999995
0.002610348797611058 0.02010829444322805 0.02169568901207428
0.01110713934574031 -0.01696434147896856 0.08157147534868321
0.006176292883514766 -0.01931348835601147 0.08428223119204066
0.0007465940282586574 -0.02026326784153322 0.08057170934371044
0.007860547221757108 0.01869142112401495 0.05002093252939486
0.01995505288891644 -0.003599067998981577 0.05315568294581684
0.01826704076963976 -0.008801854792091527 0.04999943587228334
-0.01955460139818707 0.005364232509760004 0.07187499999999999
0.01113080677546365 -0.01694882198821022 0.05630174626642123
-0.01955573794512569 -0.005360087656215792 0.07812220292591589
-0.01955500495324181 -0.005362761186127364 0.06562318441642863
-0.009676569125935 -0.01781913118565962 0.05626887280574969
0.007856294544133348 0.01869320898873616 0.03744282606589538
-0.01955478980097088 -0.005363545665004746 0.02812469627346421
-0.01955460139818571 0.005364232509764963 0.08437499999999999
-0.008104169114985254 0.01858708877733318 0.01540783805914872
-0.00284851012526819 0.02007594123140906 0.01224324272068259
0.002613503219457611 0.02010788470184346 0.01538699530276634
0.002633235217285612 0.02010531020778323 0.01017846397197914
-0.002870723856215584 0.020072776858275 0.005912485932439719
-0.01955513962774397 -0.005362270079004168 0.09062150695664856
-0.004591001758337244 -0.01975044630168367 0.02170514418090178
-0.01955476911767811 -0.005363621073029712 0.0156249637707114
0.007879696394890241 0.01868335652352381 0.01222654184985529
0.01306839093451487 0.01550401833859324 0.01001068458134385
-0.00459080398355058 -0.0197504922734944 0.03427366154065998
0.0163524823376037 0.01198973509545165 0.0752279361923692
-0.0127140987969041 0.01579585762291201 0.04999543859695264
0.01896742716483619 0.007168970149706303 0.03425281373285061
-0.009766498836921572 -0.01777000075208652 0.06896845786209958
0.006152552603466421 -0.0193210642233373 0.06580682661605416
0.01253240463124056 0.01594039712239335 0.04057296664398159
0.0008173976482685165 -0.02026053521863011 0.03110475071945015
0.01634993646766337 0.01199320656722451 0.03743568395719218
-0.01743837287039854 -0.01034700816147809 0.03749398385902935
0.01894997113567025 0.007214985808579964 0.01527184327402821
-0.01746009520168261 -0.01031031046132588 0.06878544728894748
0.01112277250799484 -0.01695409561127163 0.06261532033992182
-0.01427556107813427 0.01440020076822555 0.006083872752275199
-0.009384046981356467 -0.01797490162733694 0.09288666043033
-0.002934922771964076 -0.02006349058821402 0.005768716144030703
-0.003140906956628288 0.02003227719832545 0.09282326710034995
0.009282899809232689 -0.01802734582218063 0.005102357016486126
0.0117773510975194 -0.01650610273161125 0.01162541562846807
0.003083785819973603 -0.02004114994897437 0.09487556888540288
-7.181757287186824e-08 -0.02027701719325572 0.08903533623196866
0.009270278022439089 -0.01803383962575437 0.09494888630285753
0.01811474233517501 -0.00911117645482536 0.09314739064794741
0.01894647961763338 0.007224149524985542 0.02795567712551377
0.01811559584732654 -0.009109479313169948 0.006855880673659459
0.01177606189975659 -0.01650702251751803 0.08839835555262864
0.02003021653807085 0.003154021512091946 0.005874720770461465
0.02003067347769999 0.003151118260318398 0.09412076871023041
-0.01743877915212498 -0.0103463234022602 0.0312465075937557
0.0008291552086103737 -0.02026005745057946 0.02484329281862169
-0.009703142399460568 -0.01780467505562897 0.0625511587889261
-0.01744527463142889 -0.01033536740008644 0.02499572071590795
0.01896079859131101 0.007186483357003217 0.02169344790796877
-0.01745262313949376 -0.01032295363796392 0.01874651611903314
-0.004629075741173244 -0.01974155728515932 0.01540954375892645
-0.01746113526974697 -0.01030854894504285 0.01249998752176911
-0.0174760830848282 -0.01028318755410635 0.07509451152785065
-0.01748504458685774 -0.01026794244512223 0.08135289564302348
0.01825184632907496 -0.008833319412348824 0.08701786602941974
0.02019076328663389 0.001868289100718349 0.08790889100299985
-0.009744920129774555 -0.01778184349062438 0.08682027065103518
0.01825437074741424 -0.008828101431037887 0.01299926649654361
-0.0174957665130788 -0.01024966245203111 0.08749996603772534
-0.01790915724364326 -0.00950891755581075 0.0939676081972434
-0.01748503560752134 -0.01026795773581372 0.006357211259472731
-0.01959633687779366 0.005209703180870296 0.009649906118228772
0.01237728870918152 0.01606113789462981 0.01582197791007402
0.008789755871034479 0.01827286562059604 0.09393786910829544
0.01645603651087487 0.01184720594121243 0.01367912668234241
-0.01388772269165407 0.01477459253923648 0.09421411802925674
0.01433801635967723 0.0143380163596773 0.004640434650337551
-0.01640506403371259 0.01191768854730377 0.009934254906843729
-0.01804567510985932 0.009247217748606854 0.09547341361349442
0.006265471431406316 -0.01928474251845165 0.009866210655002141
0.006256029655464783 -0.01928780752731349 0.09014391736793462
0.01497687526295824 0.0136693318643793 0.09426789803391691
0.01916063591169788 0.006635318961444091 0.01000168033568039
0.01916331334817993 0.006627582348052324 0.09000806675714373
-0.005140883210715792 -0.01961450346234965 0.01080504043554958
-0.005330870331106902 -0.01956372274833371 0.08982544908232301
-0.007568125661090893 0.01881172241552281 0.0107416337187056
0.01564476248049055 -0.0128995671706372 0.01069843324204556
-0.01973217858032443 0.004668892238522049 0.04185964046387854
-0.01973249018937857 0.004667575086361665 0.05188802653716409
0.01564456841357382 -0.01289980253390548 0.08932236334923692
-0.01433801635967726 -0.01433801635967727 0.00399561186225347
-0.007655607212751532 0.01877629101992224 0.08893236171416566
0.003172024337258388 0.02002737346395144 0.003984802921408378
-0.01974250670270468 0.004625024903112033 0.03306267128477271
0.001845444639197541 0.02019286409463509 0.0892197193197776
-0.01382764900681987 -0.01483083103554684 0.08893520169002954
-0.01974892506048927 0.004597541214162682 0.06073598971388021
0.01985039356762858 -0.004137547760569722 0.01094061331992504
0.01984838899462118 -0.004147153310277612 0.08906977386356377
-0.01974164624896025 0.004628696322039209 0.00464484239761605
-0.01972552350721146 -0.004696929702177162 0.00494347668788693
-0.01975852854823795 0.004556092170842419 0.09544064068070798
-0.01975813012549918 -0.004557819676620327 0.09543885618938548
-0.0182920701957094 0.008749719664994177 0.04998380765268387
-0.01828619927140031 0.008761982793145884 0.04368395672204701
-0.01830805211887503 0.00871622933803955 0.03120200146516379
-0.01833392228964109 0.008661681115011538 0.02501688016740879
-0.0183400274523864 0.008648746689923281 0.01875288211451567
-0.01834438711431783 0.008639495798991738 0.06252173042231429
-0.01836604159963518 0.008593366175208407 0.06875000000000724
-0.01837208011434805 0.008580448620714569 0.07503267283980841
-0.01835328458222532 0.008620578362534383 0.0125427015679998
-0.01838098973124899 0.008561345849833714 0.08124999999999999
-0.01839686533705336 0.008527178433167104 0.08748473077383434
0.01615089484965294 0.01225993563670707 0.008245730693959568
2 2 0 33
408
409
410
411
412
413
414
415
416
417
418
419
420
421
422
423
424
425
426
427
428
429
430
431
432
433
434
435
436
437
438
439
440
-0.01027657104672903 0.01027657104672904 0.1
0.0100851732778974 -0.01000754781249335 0.1
0.01027657104672901 0.01027657104672906 0.1
-0.01027657104672902 -0.01027657104672903 0.1
0.002273503715302158 0.01435433752610848 0.1
-0.01435433752610846 0.00227350371530218 0.1
0.01457760248339859 0.002309069089316974 0.1
0.002019130969152416 -0.01434223311060192 0.1
-0.002520198282441516 0.01591190572304641 0.1
-0.00284487071788839 0.01034990036049012 0.1
0.004485297249742727 0.008557941011321804 0.1
-0.0002185893109572391 0.003921523245110187 0.1
0.005647634470305052 0.00201970530831694 0.1
0.001610776921960077 -0.002278257264406126 0.1
-0.004208912661966901 -0.0008576464050482036 0.1
-0.00294227396247101 -0.007050454083971349 0.1
0.007425333474847748 -0.003939978775424992 0.1
-0.007991548564908314 0.004734944653387196 0.1
0.003516881588760249 -0.008235316675483315 0.1
0.01403609391850977 -0.00422599771057222 0.1
-0.008152666611594701 -0.00481100623395242 0.1
-0.004383108100801173 -0.01343747153730852 0.1
-0.01332401024860865 -0.005887418350287818 0.1
-0.01019977817623592 -0.0006151212322807379 0.1
0.00712109244955483 0.01394093792483597 0.1
-0.006765222924359732 0.0144454835935482 0.1
0.01435433752610845 0.007313900280185207 0.1
0.006761132082109974 -0.01365482768721079 0.1
-0.01366229959504425 0.007093898798031626 0.1
0.009904697614036683 0.00520350011548986 0.1
0.01019849016256626 0.0002409480993353217 0.1
-0.01597216008827439 -0.001966090020865728 0.1
-0.0005364881390908733 -0.01082491639046113 0.1
2 3 0 33
441
442
443
444
445
446
447
448
449
450
451
452
453
454
455
456
457
458
459
460
461
462
463
464
465
466
467
468
469
470
471
472
473
-0.01027657104672903 0.01027657104672904 0
0.0100851732778974 -0.01000754781249335 0
0.01027657104672901 0.01027657104672906 0
-0.01027657104672902 -0.01027657104672903 0
0.002273503715302158 0.01435433752610848 0
-0.01435433752610846 0.00227350371530218 0
0.01457760248339859 0.002309069089316974 0
0.002019130969152416 -0.01434223311060192 0
-0.002520198282441516 0.01591190572304641 0
-0.00284487071788839 0.01034990036049012 0
0.004485297249742727 0.008557941011321804 0
-0.0002185893109572391 0.003921523245110187 0
0.005647634470305052 0.00201970530831694 0
0.001610776921960077 -0.002278257264406126 0
-0.004208912661966901 -0.0008576464050482036 0
-0.00294227396247101 -0.007050454083971349 0
0.007425333474847748 -0.003939978775424992 0
-0.007991548564908314 0.004734944653387196 0
0.003516881588760249 -0.008235316675483315 0
0.01403609391850977 -0.00422599771057222 0
-0.008152666611594701 -0.00481100623395242 0
-0.004383108100801173 -0.01343747153730852 0
-0.01332401024860865 -0.005887418350287818 0
-0.01019977817623592 -0.0006151212322807379 0
0.00712109244955483 0.01394093792483597 0
-0.006765222924359732 0.0144454835935482 0
0.01435433752610845 0.007313900280185207 0
0.006761132082109974 -0.01365482768721079 0
-0.01366229959504425 0.007093898798031626 0
0.009904697614036683 0.00520350011548986 0
0.01019849016256626 0.0002409480993353217 0
-0.01597216008827439 -0.001966090020865728 0
-0.0005364881390908733 -0.01082491639046113 0
3 1 0 208
474
475
476
477
478
479
480
481
482
483
484
485
486
487
488
489
490
491
492
493
494
495
496
497
498
499
500
501
502
503
504
505
506
507
508
509
510
511
512
513
514
515
516
517
518
519
520
521
522
523
524
525
526
527
528
529
530
531
532
533
534
535
536
537
538
539
540
541
542
543
544
545
546
547
548
549
550
551
552
553
554
555
556
557
558
559
560
561
562
563
564
565
566
567
568
569
570
571
572
573
574
575
576
577
578
579
580
581
582
583
584
585
586
587
588
589
590
591
592
593
594
595
596
597
598
599
600
601
602
603
604
605
606
607
608
609
610
611
612
613
614
615
616
617
618
619
620
621
622
623
624
625
626
627
628
629
630
631
632
633
634
635
636
637
638
639
640
641
642
643
644
645
646
647
648
649
650
651
652
653
654
655
656
657
658
659
660
661
662
663
664
665
666
667
668
669
670
671
672
673
674
675
676
677
678
679
680
681
1.189987443372259e-06 -2.646270278071003e-07 0.06718732084634227
-5.018899008831651e-06 1.453609833829486e-07 0.04531341071417783
-2.955789067198358e-05 -5.077950863781698e-07 0.02343153867002114
-0.003476148358106029 0.001707530000976245 0.08325394597619604
-0.007306653681471006 -0.001800928216864032 0.01270634297915875
-0.007142828902874964 -0.002056169002730084 0.05624895464389714
-0.006440883152929814 -0.003708224427508419 0.03437978898718461
0.006899979477483059 0.00274487947756704 0.05624845813396554
0.002755336344340223 0.006887770697500099 0.03436915978728628
0.006085679394940455 -0.004579803668911505 0.01305070770396151
0.00159487890581238 0.007485851329035873 0.01309014174372559
0.006595251914852418 -0.003887843316250918 0.0775280994985965
0.005921415870439361 -0.005147523696170648 0.03558100076290704
0.007853561857597908 0.003067400369578629 0.08739896668628727
0.002733841273506023 -0.008006868639826536 0.05891212686841095
0.003671967033260456 0.007531313377999251 0.07568161183658111
0.001938794593127289 -0.008129440506248886 0.08793696854226089
-0.005894456830406035 -0.00656510858018448 0.07510950047141568
-0.002818986637090375 0.008234913463417499 0.05948606601768919
-0.008045752315317331 0.004582805599656155 0.07345892793251978
-0.007065437912951604 0.006127544203681426 0.03940128171970085
-0.002068796565980744 -0.009530196967017771 0.01843241799269183
-0.006485305845658249 0.007192480768722044 0.0285376812526264
-0.002813440110484527 -0.009474691869957233 0.04968925339046619
0.009695168544118889 0.001572670841931594 0.02795710765909657
0.001729779219264798 0.00971388557258035 0.04977187356224064
0.00784688628682724 -0.006021933398686328 0.04961861237072159
0.00977828923090601 0.002224216840538356 0.04206250870097499
-0.0003155951996504576 -0.01010134182898519 0.02875731175998152
-0.01010949557118348 -0.002144599932639234 0.02478177948703685
0.002531118259768303 -0.009951213953532457 0.06918857416792497
0.01033494651505131 0.0004324773678778808 0.06582378193536781
-0.008134190558222768 0.006169238609334037 0.04982824816834815
-0.009615067824393773 -0.002927170067171133 0.09003019917951113
-0.009722871329741306 -0.00343762409471459 0.04420975810443867
-0.007362089147677166 0.006941198242440891 0.01823447055279637
0.002309699033643907 0.01003943905261649 0.02394634202924673
-0.006527770406772446 -0.007620828964660938 0.06488847351209177
0.0074069787704473 -0.006970028431107955 0.02287720093373444
0.009742507034472037 0.003633916487060885 0.01793499054277842
0.005077995988547084 0.009091043165248142 0.06577205626541144
0.0006587384654931747 0.01030870506200135 0.08690961800106807
-0.001422044635370752 -0.01033419421939364 0.03986535679672493
-0.0100889680127555 0.00332986092340096 0.06392586160045406
0.0003524935672891915 -0.01119395836007044 0.009425195886615166
0.009600607634537588 0.001673925512589076 0.008465050006287613
-0.006349994883401346 -0.009623645303708009 0.08417943914746523
-0.003630971344953214 0.01086151030836895 0.06831013388860188
-0.01142382450356172 -0.002344420242447346 0.08106935310937112
-0.007846929790358706 0.008050374024115344 0.00885965257259818
-0.00417237655428063 0.01044417931706789 0.0792177531859955
-0.007950544026173361 0.006908529509060792 0.09036266140997001
-0.0003021941206911758 0.01167511707350873 0.04128195975002685
0.01134341997789583 0.003026809416912263 0.07435059237996927
0.01012308935397758 -0.005391333577870935 0.08560382532351297
0.0108742497443286 -0.004698698984208442 0.05870816399548329
0.0001892576584548366 0.0001093759168654426 0.008403975547050115
0.0002576456200155553 9.652111236226144e-05 0.09135628144374093
-0.01158477218449692 -0.002729782666138035 0.06988127929037401
0.009690552460366028 0.006744712711463532 0.04927332476561604
0.004947250821512685 0.01085959629398079 0.05748760306858133
0.01022201169133021 -0.006664349498520343 0.07041506699964938
0.001308347159612997 -0.01139058203711819 0.07819527283155081
0.006577276636971184 -0.01003391373632218 0.04236475710607451
-0.0008807165062034222 0.002564929095334088 0.05321469845746157
-0.004830696768947206 -0.01118871388431412 0.05757186040018289
-0.01163510522800155 0.002720607377001724 0.03332379281962729
-0.0006113848606208267 -5.502892146245343e-05 0.07556094248958477
-0.007431691872657856 -0.009914062298198995 0.02464891479248849
-0.00728925627548686 -0.009977306618712619 0.01212894705398313
-0.01054939764575553 0.005872221848558946 0.08195513144861244
0.01088451274826604 0.005904566095761529 0.03481799672429464
0.0005311826539465334 -0.0004733775911522796 0.03157896313086311
0.008601537621738363 0.009251255592527381 0.0820327496290708
-0.00301354585218841 0.01241689467255052 0.03355439675544183
0.007479286535331109 0.009919832064396348 0.04223301930093309
0.007221438844658097 0.009954707925781937 0.09217591161372514
-0.01249758880225742 0.0009705235600591759 0.01794824036515556
-0.01025817247030535 -0.007224432727311568 0.05113431080644826
0.01283128197314261 -0.00032538920802746 0.05197665650808444
-0.01262511922850414 0.001707156018797175 0.00786168415105528
0.01108672419202398 -0.005942218116386552 0.02972954280422644
-0.0103043924452672 0.007463414036268221 0.05725825425579004
-0.01065027273610792 -0.00656934332758427 0.01840963244467609
0.01223859742810529 -0.005006606204133976 0.0405369587041801
0.007097475963357365 0.01038253374160712 0.007781553024372622
-0.006099596965467953 -0.01144347883547431 0.03376461341204778
0.01232706578627457 -0.003753275042648482 0.0177053017694785
-0.00428219864139417 -0.01172496604769588 0.09177169615114503
-0.01237268269728299 -0.003705845130236451 0.06169246277090491
-0.01267194317591774 0.0001049546892392884 0.05131564629901593
-0.001908245997258995 0.01242113114975698 0.017911890072786
0.01292999741808343 0.0001274622325117751 0.0926305462706849
0.008705130716476869 0.009227130176089208 0.02819687354392756
-0.0003313603792101238 -0.001470655677947936 0.01590061782128176
0.01093196000465734 0.006694038064936887 0.06143876161159626
0.006738021999650755 0.01106415794170449 0.01766176791235317
0.003910306030942791 -0.01199392025178684 0.05244255860382393
-0.01064904464067977 -0.005518733276732221 0.007071744527712904
0.01252954207115016 0.0008144207784544512 0.08166565042644246
0.008006897067474922 -0.01007457021967905 0.007657852313111977
0.008369297589068079 -0.009900958817513697 0.06373175882078617
-0.0125207629493555 0.003655108536891562 0.04412034300135296
-0.0004930574167584401 -0.001222497958587832 0.05974451880537249
-0.004530277141055743 -0.012354991288633 0.07043834870080067
0.00538422517069664 -0.01151971935062314 0.01674972419872481
-0.007620430262754281 -0.0106255408334225 0.04406102823541388
0.003686950646030991 -0.01225450105350806 0.03472243016423557
0.007970178582072053 -0.007317916475158154 0.09291863022450346
-0.004612009684105533 0.01191837245712525 0.0531725827951964
-0.01316428318494132 -0.003228511580467255 0.03749945130627537
-0.01199232527706917 0.004971801446934466 0.0241397580955514
-0.001350943972295301 -0.01325093863012119 0.06379329192283548
-0.006754883149539711 0.01156352889463752 0.04493209719334456
0.003283215046067252 0.0009744990875577693 0.03876841194256692
-0.001959241901784575 0.01306925930843074 0.009078206475138632
0.0125339749955018 -0.004260577404367891 0.009184720976402425
0.004019485200757249 0.002247160584191689 0.08099963385449735
0.001436842345969397 -0.004351594581283562 0.05271399417194999
0.0002376900272092596 -0.004605917740468655 0.08150160035696949
0.006683569117890457 -0.01202285588061536 0.02808134042804494
-0.004517350415719789 0.01301075624479099 0.02466327122830449
0.01319776416891913 -0.0009715661692010578 0.03457981958459478
0.002573476865567624 0.01306091088038284 0.08035831811391334
-0.01119311871293446 -0.006955324402352935 0.03003973835814133
0.009356753478501472 0.009434442465289423 0.07161047653062108
0.0007768432330283489 0.01386181979720027 0.06252636314530728
0.003223350658957508 0.0133483963322265 0.03020657549542309
0.005740938549191958 0.0007994669407673698 0.04947655342426779
-0.005059759028116907 -0.002686273873099428 0.04949953477915121
0.0058296957754005 -0.0003945779288795971 0.07132597048687248
0.001986739541511762 -0.01346499244756066 0.02285320601795741
-0.01051003053261869 0.008963595309857218 0.06839272886790369
0.001584510168412555 -0.01357413699999147 0.04593734169426082
0.002556023226119204 0.01301525881104905 0.07120915502773104
-0.003947681824271862 -0.004168091475944045 0.02756604856806591
-0.0008094339330425252 0.01302156403841911 0.09352224995433739
0.009015340081937658 -0.01015200083649429 0.08025305039313878
-0.009643508372135318 0.01007530333894586 0.03415111281202571
0.002531833479814093 -0.01128262086710722 0.09394070723321955
0.005004434772335129 -0.003751046941683503 0.06400639105021796
-0.003701501770467757 -0.005689949251778272 0.007915199588484632
-0.003673423652579771 -0.003803608601786423 0.04077299953435216
0.01341208000708363 -0.003526944073810513 0.07583995267158716
-0.01355887920879729 0.00263932873295264 0.08766639616395144
-0.0006302506320624991 0.005650820851933375 0.01942024880055148
-0.005885483489234157 1.831658881207899e-05 0.01974753555117118
0.005847372051334395 -0.003265431832556768 0.04359649289516716
0.004263112427037585 0.002984405180598593 0.06263488593050764
-0.01380221177469205 0.00202270417043932 0.07628111770431567
-0.005704889830068092 -0.01286479148253234 0.07805676606280654
0.003494044785875238 0.004557786014993258 0.02793559214588435
0.007091879390265932 0.01203011534462204 0.03571673931700006
0.01373284710850145 -0.002630427012795742 0.0243300562957803
-0.002225818645066091 0.006459805690148681 0.04525223696598623
-0.01397719766045526 -0.003068128531079308 0.01249990695980029
-0.004851239612181696 0.003098048573908718 0.03372306090103649
0.005409908038417444 -0.001363212197579057 0.01956456647218222
0.004416087504427743 -0.005240456464691895 0.02871517604529167
0.01424404878111001 0.001127025936995248 0.05946314579996415
-0.001106899128352093 0.005295070569198125 0.07135028670598319
0.01256921913616217 0.005974241892560399 0.02365281445028787
-0.00607589023750384 0.0123970059614789 0.0863079726491162
0.002881299939882285 -0.005742874471459403 0.006277177895424841
-0.01063063246881159 -0.009373214330975085 0.03822390924118313
-0.01107041899279056 -0.008802504449811706 0.05757465877470969
0.007140210349244245 -0.01162059019591835 0.07389123479610318
0.009679427569234199 -0.01045546425115785 0.05548904371715499
-0.006754398132789677 0.01275894760461247 0.06261760859192643
-0.01173527236937152 -0.008279851690529298 0.07794436247825873
-0.0004617301927400631 -0.006624524625727927 0.03442720700903207
-0.006216918028189087 0.0003462811595673042 0.006453094565134242
-0.01048367092435274 -0.009329314152254603 0.07000846826956404
-0.01394884720741514 0.002023393161523841 0.05862205948169055
-0.007559714550348953 0.01191547133672392 0.0736306835638223
-0.003796627156046188 0.003710968086200345 0.01370178070512832
0.01274922920762159 0.005904021517902418 0.0551038668095668
-0.01219654041647013 0.006119767361310605 0.0136217463768728
-0.0006394839066208883 -0.01385852156149398 0.084584599567782
0.009785566400684884 -0.01043959780160666 0.03657892466741566
0.001319403365276872 0.006667877051424781 0.09257574925848376
-0.003816024978261177 0.005025968578773242 0.06518981595828582
-0.003553160211145784 -0.004159674814829698 0.08715511469552738
-0.005322947195615319 -0.0009203488958461053 0.07100121097861108
0.005138401835545611 0.001934704868844333 0.01352213488629004
-0.01385561612400114 0.003395066038721132 0.06929455422159704
0.013970103689666 -0.001295292432231221 0.0456215488374945
-0.001443271991033658 0.006584157913894855 0.007061258608770795
0.0007737524462304741 -0.006474193239905673 0.02344588714564833
-0.01128283447218998 0.002259131129854027 0.09399979203843929
0.01318836119107361 -0.00533068857286725 0.06476762037304006
-0.005483963158207239 -0.001269639707552417 0.06392185400390059
-0.007326671103211335 0.01212481440112678 0.01408037311350343
0.00409279164888246 0.005016132281405218 0.04481814015358114
0.0004702597467926223 -0.006659559171154751 0.04485995550815118
0.007370771735537503 0.01232514993437483 0.05164559689255051
0.01091110579025465 0.008009925061690879 0.01287511483264228
-0.001414351802231779 0.01458568978070263 0.04693515874545527
0.01345652219351984 0.005352703627342388 0.06867529484075963
-0.01474979501375371 0.0007010628861657712 0.02812499999999991
0.01210954791822208 0.00630080489503696 0.09409544412430301
0.01106298789717136 -0.008680936982325136 0.01369008640720094
0.003275395816780539 0.01404432749649343 0.01293421240415957
0.0008925803360689453 -0.01404681662367447 0.05784899767894277
0.01217912149281172 0.007484698627392315 0.005783704098556838
0.00715551522409185 0.0008061462332398968 0.03373207936585598
0.004346407196741665 -0.002317103461844939 0.08607582165796766
-0.005898966655631171 0.0015697788947481 0.04363171707358997
$EndNodes
$Elements
4 3536 1 3536
2 1 2 774
1 1 395 3 
2 21 394 1 
3 1 394 22 
4 22 395 1 
5 36 392 2 
6 2 393 36 
7 37 393 2 
8 2 392 55 
9 3 361 4 
10 3 395 361 
11 4 72 5 
12 4 361 72 
13 5 332 6 
14 72 332 5 
15 6 68 7 
16 6 332 68 
17 7 337 8 
18 68 337 7 
19 8 339 9 
20 337 339 8 
21 9 62 10 
22 9 339 62 
23 10 340 11 
24 62 340 10 
25 11 76 12 
26 11 340 76 
27 12 345 13 
28 76 345 12 
29 13 56 14 
30 13 345 56 
31 14 373 15 
32 56 373 14 
33 15 365 16 
34 15 373 365 
35 16 67 17 
36 16 365 67 
37 17 334 18 
38 67 334 17 
39 18 74 19 
40 18 334 74 
41 19 367 20 
42 74 367 19 
43 20 370 21 
44 367 370 20 
45 370 394 21 
46 22 80 23 
47 23 313 22 
48 22 394 80 
49 313 395 22 
50 24 79 23 
51 23 307 24 
52 79 313 23 
53 80 307 23 
54 24 71 25 
55 25 302 24 
56 24 307 71 
57 24 302 79 
58 26 64 25 
59 25 300 26 
60 64 302 25 
61 71 300 25 
62 26 61 27 
63 27 303 26 
64 26 300 61 
65 26 303 64 
66 28 285 27 
67 27 389 28 
68 61 389 27 
69 285 303 27 
70 29 58 28 
71 28 381 29 
72 58 285 28 
73 246 381 28 
74 28 389 246 
75 29 57 30 
76 30 83 29 
77 29 381 57 
78 29 83 58 
79 31 292 30 
80 30 380 31 
81 57 380 30 
82 30 292 83 
83 32 60 31 
84 31 386 32 
85 60 292 31 
86 31 380 257 
87 257 386 31 
88 32 65 33 
89 33 306 32 
90 32 306 60 
91 32 386 65 
92 34 70 33 
93 33 288 34 
94 65 288 33 
95 70 306 33 
96 34 78 35 
97 35 315 34 
98 34 315 70 
99 34 288 78 
100 36 81 35 
101 35 363 36 
102 78 363 35 
103 81 315 35 
104 36 393 81 
105 363 392 36 
106 38 362 37 
107 362 393 37 
108 39 383 38 
109 38 383 362 
110 40 73 39 
111 73 383 39 
112 41 333 40 
113 40 333 73 
114 42 66 41 
115 66 333 41 
116 43 335 42 
117 42 335 66 
118 44 77 43 
119 77 335 43 
120 45 342 44 
121 44 342 77 
122 46 59 45 
123 59 342 45 
124 47 344 46 
125 46 344 59 
126 48 75 47 
127 75 344 47 
128 49 368 48 
129 48 368 75 
130 50 63 49 
131 63 368 49 
132 51 385 50 
133 50 385 63 
134 52 312 51 
135 312 385 51 
136 53 69 52 
137 69 312 52 
138 54 331 53 
139 53 331 69 
140 55 82 54 
141 82 331 54 
142 55 392 82 
143 217 373 56 
144 56 375 217 
145 345 375 56 
146 57 397 380 
147 381 396 57 
148 396 397 57 
149 83 84 58 
150 84 85 58 
151 85 285 58 
152 59 344 216 
153 216 390 59 
154 59 390 342 
155 60 327 292 
156 306 346 60 
157 60 346 327 
158 300 402 61 
159 61 401 389 
160 61 402 401 
161 339 343 62 
162 62 382 340 
163 343 382 62 
164 311 316 63 
165 63 385 311 
166 316 317 63 
167 317 368 63 
168 64 354 302 
169 303 329 64 
170 329 354 64 
171 65 399 288 
172 386 398 65 
173 398 399 65 
174 222 333 66 
175 66 371 222 
176 335 371 66 
177 67 365 268 
178 268 387 67 
179 67 387 334 
180 332 377 68 
181 68 338 337 
182 68 377 338 
183 69 331 224 
184 224 378 69 
185 69 378 312 
186 70 349 306 
187 315 351 70 
188 70 351 349 
189 71 403 300 
190 307 405 71 
191 71 405 403 
192 72 388 332 
193 72 361 360 
194 360 388 72 
195 225 226 73 
196 73 376 225 
197 226 383 73 
198 333 376 73 
199 261 367 74 
200 74 384 261 
201 334 384 74 
202 75 374 344 
203 368 407 75 
204 75 407 374 
205 340 391 76 
206 76 357 345 
207 76 391 357 
208 77 336 335 
209 77 379 336 
210 342 379 77 
211 288 400 78 
212 78 404 363 
213 400 404 78 
214 302 355 79 
215 79 360 313 
216 355 360 79 
217 80 370 263 
218 263 406 80 
219 80 406 307 
220 80 394 370 
221 81 353 315 
222 81 362 353 
223 81 393 362 
224 82 369 331 
225 82 392 363 
226 363 404 82 
227 82 404 369 
228 83 277 84 
229 83 292 277 
230 84 86 85 
231 84 87 86 
232 84 277 87 
233 86 123 85 
234 123 201 85 
235 201 285 85 
236 87 88 86 
237 88 304 86 
238 86 304 123 
239 87 89 88 
240 87 183 89 
241 87 277 183 
242 89 90 88 
243 90 91 88 
244 91 304 88 
245 89 291 90 
246 183 184 89 
247 184 291 89 
248 90 92 91 
249 90 93 92 
250 90 291 93 
251 92 248 91 
252 91 248 228 
253 228 304 91 
254 93 94 92 
255 94 95 92 
256 95 248 92 
257 93 96 94 
258 93 290 96 
259 93 291 290 
260 94 274 95 
261 96 97 94 
262 97 274 94 
263 95 249 248 
264 95 301 249 
265 274 301 95 
266 96 98 97 
267 96 117 98 
268 96 290 117 
269 98 99 97 
270 99 289 97 
271 97 289 274 
272 98 100 99 
273 98 278 100 
274 117 278 98 
275 100 101 99 
276 101 102 99 
277 102 289 99 
278 100 122 101 
279 100 129 122 
280 100 278 129 
281 101 103 102 
282 101 272 103 
283 122 272 101 
284 103 104 102 
285 104 299 102 
286 102 299 289 
287 103 105 104 
288 103 276 105 
289 272 276 103 
290 105 106 104 
291 106 298 104 
292 298 299 104 
293 105 107 106 
294 105 110 107 
295 105 276 110 
296 107 108 106 
297 108 109 106 
298 109 298 106 
299 107 269 108 
300 110 202 107 
301 202 269 107 
302 108 111 109 
303 108 112 111 
304 108 269 112 
305 111 114 109 
306 114 137 109 
307 137 298 109 
308 110 326 202 
309 276 321 110 
310 321 326 110 
311 112 113 111 
312 113 283 111 
313 111 283 114 
314 112 115 113 
315 112 270 115 
316 269 270 112 
317 115 116 113 
318 116 120 113 
319 120 283 113 
320 114 138 137 
321 114 282 138 
322 114 283 282 
323 115 118 116 
324 115 119 118 
325 115 270 119 
326 118 121 116 
327 116 252 120 
328 121 252 116 
329 117 287 278 
330 117 325 287 
331 290 325 117 
332 119 124 118 
333 118 266 121 
334 124 266 118 
335 119 125 124 
336 119 297 125 
337 270 297 119 
338 252 319 120 
339 120 284 283 
340 120 319 284 
341 229 252 121 
342 121 265 229 
343 121 266 265 
344 129 140 122 
345 140 141 122 
346 141 272 122 
347 123 227 201 
348 123 348 227 
349 304 348 123 
350 125 126 124 
351 126 127 124 
352 127 266 124 
353 125 128 126 
354 125 130 128 
355 125 297 130 
356 126 267 127 
357 128 151 126 
358 151 267 126 
359 247 266 127 
360 127 271 247 
361 267 271 127 
362 130 131 128 
363 131 259 128 
364 128 259 151 
365 129 155 140 
366 129 175 155 
367 129 278 175 
368 130 132 131 
369 130 168 132 
370 130 297 168 
371 132 133 131 
372 133 150 131 
373 150 259 131 
374 132 134 133 
375 132 305 134 
376 168 305 132 
377 134 135 133 
378 135 253 133 
379 133 253 150 
380 134 136 135 
381 134 147 136 
382 134 305 147 
383 136 139 135 
384 139 158 135 
385 158 253 135 
386 136 293 139 
387 147 148 136 
388 148 293 136 
389 138 142 137 
390 142 173 137 
391 173 298 137 
392 138 143 142 
393 138 144 143 
394 138 282 144 
395 139 159 158 
396 139 160 159 
397 139 293 160 
398 140 153 141 
399 140 279 153 
400 155 279 140 
401 153 203 141 
402 203 205 141 
403 205 272 141 
404 143 273 142 
405 142 181 173 
406 142 273 181 
407 144 145 143 
408 145 146 143 
409 146 273 143 
410 144 154 145 
411 144 178 154 
412 144 282 178 
413 145 156 146 
414 154 280 145 
415 145 280 156 
416 156 157 146 
417 157 161 146 
418 161 273 146 
419 147 149 148 
420 147 174 149 
421 147 305 174 
422 149 152 148 
423 152 197 148 
424 197 293 148 
425 149 170 152 
426 149 275 170 
427 174 275 149 
428 253 254 150 
429 254 255 150 
430 255 259 150 
431 244 267 151 
432 151 320 244 
433 259 320 151 
434 170 172 152 
435 172 364 152 
436 152 364 197 
437 153 204 203 
438 153 209 204 
439 153 279 209 
440 178 179 154 
441 179 211 154 
442 211 280 154 
443 175 176 155 
444 176 206 155 
445 206 279 155 
446 156 294 157 
447 280 281 156 
448 281 294 156 
449 157 162 161 
450 157 163 162 
451 157 294 163 
452 159 185 158 
453 185 187 158 
454 187 253 158 
455 160 308 159 
456 159 186 185 
457 159 308 186 
458 293 310 160 
459 160 309 308 
460 160 310 309 
461 162 323 161 
462 161 330 273 
463 323 330 161 
464 163 164 162 
465 164 165 162 
466 165 323 162 
467 163 296 164 
468 294 295 163 
469 295 296 163 
470 164 166 165 
471 164 167 166 
472 164 296 167 
473 166 182 165 
474 182 199 165 
475 199 323 165 
476 167 169 166 
477 169 322 166 
478 166 322 182 
479 167 171 169 
480 167 212 171 
481 167 296 212 
482 168 297 286 
483 286 324 168 
484 168 324 305 
485 171 188 169 
486 188 198 169 
487 198 322 169 
488 170 350 172 
489 275 341 170 
490 341 350 170 
491 171 210 188 
492 171 358 210 
493 212 358 171 
494 172 350 328 
495 328 366 172 
496 172 366 364 
497 181 200 173 
498 200 299 173 
499 173 299 298 
500 174 326 275 
501 305 324 174 
502 324 326 174 
503 175 177 176 
504 175 287 177 
505 278 287 175 
506 177 207 176 
507 176 336 206 
508 207 336 176 
509 177 208 207 
510 177 347 208 
511 287 347 177 
512 178 180 179 
513 178 284 180 
514 282 284 178 
515 180 213 179 
516 179 357 211 
517 213 357 179 
518 180 214 213 
519 180 319 214 
520 284 319 180 
521 181 301 200 
522 273 330 181 
523 181 330 301 
524 182 228 199 
525 182 348 228 
526 322 348 182 
527 183 189 184 
528 183 327 189 
529 277 327 183 
530 189 190 184 
531 190 318 184 
532 184 318 291 
533 186 215 185 
534 185 250 187 
535 215 250 185 
536 186 223 215 
537 186 224 223 
538 186 308 224 
539 250 251 187 
540 251 254 187 
541 187 254 253 
542 188 354 198 
543 210 355 188 
544 188 355 354 
545 189 191 190 
546 189 346 191 
547 327 346 189 
548 191 192 190 
549 192 193 190 
550 193 318 190 
551 191 194 192 
552 191 349 194 
553 346 349 191 
554 192 314 193 
555 194 195 192 
556 195 314 192 
557 314 347 193 
558 193 325 318 
559 193 347 325 
560 194 196 195 
561 194 351 196 
562 349 351 194 
563 196 225 195 
564 225 352 195 
565 195 352 314 
566 196 226 225 
567 196 353 226 
568 351 353 196 
569 197 310 293 
570 197 316 310 
571 197 364 316 
572 227 322 198 
573 198 329 227 
574 198 354 329 
575 228 248 199 
576 248 249 199 
577 249 323 199 
578 274 289 200 
579 200 301 274 
580 289 299 200 
581 227 329 201 
582 201 303 285 
583 201 329 303 
584 202 286 269 
585 202 324 286 
586 202 326 324 
587 204 350 203 
588 203 341 205 
589 203 350 341 
590 209 216 204 
591 216 328 204 
592 328 350 204 
593 205 276 272 
594 205 321 276 
595 205 341 321 
596 206 359 279 
597 336 379 206 
598 206 379 359 
599 208 222 207 
600 222 371 207 
601 207 371 336 
602 208 352 222 
603 208 347 314 
604 314 352 208 
605 209 390 216 
606 279 359 209 
607 359 390 209 
608 210 360 355 
609 358 388 210 
610 210 388 360 
611 211 356 280 
612 211 391 356 
613 357 391 211 
614 296 338 212 
615 338 377 212 
616 212 377 358 
617 214 217 213 
618 217 375 213 
619 213 375 357 
620 214 218 217 
621 214 219 218 
622 214 319 219 
623 223 400 215 
624 215 399 250 
625 215 400 399 
626 216 374 328 
627 344 374 216 
628 218 221 217 
629 221 373 217 
630 219 220 218 
631 220 268 218 
632 218 268 221 
633 219 229 220 
634 219 252 229 
635 219 319 252 
636 229 230 220 
637 230 231 220 
638 231 268 220 
639 268 365 221 
640 365 373 221 
641 222 376 333 
642 352 376 222 
643 224 369 223 
644 369 404 223 
645 223 404 400 
646 308 378 224 
647 331 369 224 
648 225 376 352 
649 353 362 226 
650 362 383 226 
651 227 348 322 
652 228 348 304 
653 229 265 230 
654 230 232 231 
655 230 233 232 
656 230 265 233 
657 232 240 231 
658 240 387 231 
659 231 387 268 
660 233 234 232 
661 234 260 232 
662 232 260 240 
663 233 235 234 
664 233 247 235 
665 233 265 247 
666 235 236 234 
667 236 237 234 
668 237 260 234 
669 235 238 236 
670 235 271 238 
671 247 271 235 
672 236 264 237 
673 238 239 236 
674 239 264 236 
675 237 261 260 
676 237 262 261 
677 237 264 262 
678 238 241 239 
679 238 242 241 
680 238 271 242 
681 241 402 239 
682 239 403 264 
683 402 403 239 
684 260 384 240 
685 240 384 334 
686 334 387 240 
687 242 243 241 
688 243 401 241 
689 401 402 241 
690 242 244 243 
691 242 267 244 
692 242 271 267 
693 244 245 243 
694 245 246 243 
695 246 401 243 
696 244 320 245 
697 245 396 246 
698 245 320 258 
699 258 396 245 
700 246 396 381 
701 389 401 246 
702 265 266 247 
703 301 330 249 
704 249 330 323 
705 250 398 251 
706 250 399 398 
707 251 256 254 
708 251 257 256 
709 251 398 257 
710 254 256 255 
711 256 258 255 
712 258 320 255 
713 255 320 259 
714 257 397 256 
715 256 397 258 
716 380 397 257 
717 257 398 386 
718 258 397 396 
719 261 384 260 
720 262 263 261 
721 263 367 261 
722 262 406 263 
723 264 405 262 
724 405 406 262 
725 263 370 367 
726 403 405 264 
727 269 286 270 
728 286 297 270 
729 275 326 321 
730 321 341 275 
731 292 327 277 
732 280 356 281 
733 281 343 294 
734 281 382 343 
735 356 382 281 
736 283 284 282 
737 325 347 287 
738 399 400 288 
739 291 318 290 
740 318 325 290 
741 294 343 295 
742 295 338 296 
743 295 372 338 
744 343 372 295 
745 300 403 402 
746 354 355 302 
747 306 349 346 
748 307 406 405 
749 309 378 308 
750 310 311 309 
751 311 312 309 
752 312 378 309 
753 310 316 311 
754 311 385 312 
755 360 361 313 
756 361 395 313 
757 315 353 351 
758 316 364 317 
759 364 366 317 
760 366 407 317 
761 317 407 368 
762 328 374 366 
763 358 377 332 
764 332 388 358 
765 336 371 335 
766 338 372 337 
767 337 372 339 
768 339 372 343 
769 340 382 356 
770 356 391 340 
771 359 379 342 
772 342 390 359 
773 357 375 345 
774 374 407 366 
2 2 2 84
775 3 439 1 
776 1 413 21 
777 1 439 413 
778 4 430 3 
779 430 439 3 
780 5 411 4 
781 411 430 4 
782 6 429 5 
783 5 429 411 
784 7 429 6 
785 8 415 7 
786 415 429 7 
787 9 435 8 
788 8 435 415 
789 10 409 9 
790 409 435 9 
791 11 427 10 
792 10 427 409 
793 12 427 11 
794 13 414 12 
795 414 427 12 
796 14 434 13 
797 13 434 414 
798 15 410 14 
799 410 434 14 
800 16 432 15 
801 15 432 410 
802 17 412 16 
803 412 432 16 
804 18 416 17 
805 17 416 412 
806 19 433 18 
807 18 433 416 
808 20 408 19 
809 408 433 19 
810 21 436 20 
811 20 436 408 
812 413 436 21 
813 408 425 417 
814 417 433 408 
815 408 436 425 
816 424 426 409 
817 409 427 424 
818 426 435 409 
819 410 432 418 
820 418 437 410 
821 410 437 434 
822 423 428 411 
823 411 429 423 
824 428 430 411 
825 416 417 412 
826 417 418 412 
827 418 432 412 
828 413 431 425 
829 425 436 413 
830 413 439 431 
831 414 438 427 
832 434 437 414 
833 437 438 414 
834 415 435 426 
835 426 440 415 
836 415 440 429 
837 416 433 417 
838 417 419 418 
839 417 425 419 
840 419 420 418 
841 420 437 418 
842 419 421 420 
843 419 422 421 
844 419 425 422 
845 421 424 420 
846 424 438 420 
847 420 438 437 
848 422 423 421 
849 423 426 421 
850 421 426 424 
851 422 428 423 
852 425 431 422 
853 422 431 428 
854 423 440 426 
855 429 440 423 
856 427 438 424 
857 428 431 430 
858 431 439 430 
2 3 2 84
859 37 2 472 
860 2 55 446 
861 2 446 472 
862 38 37 463 
863 463 37 472 
864 39 38 444 
865 444 38 463 
866 40 39 462 
867 39 444 462 
868 41 40 462 
869 42 41 448 
870 448 41 462 
871 43 42 468 
872 42 448 468 
873 44 43 442 
874 442 43 468 
875 45 44 460 
876 44 442 460 
877 46 45 460 
878 47 46 447 
879 447 46 460 
880 48 47 467 
881 47 447 467 
882 49 48 443 
883 443 48 467 
884 50 49 465 
885 49 443 465 
886 51 50 445 
887 445 50 465 
888 52 51 449 
889 51 445 449 
890 53 52 466 
891 52 449 466 
892 54 53 441 
893 441 53 466 
894 55 54 469 
895 54 441 469 
896 446 55 469 
897 441 450 458 
898 450 441 466 
899 441 458 469 
900 457 442 459 
901 442 457 460 
902 459 442 468 
903 443 451 465 
904 451 443 470 
905 443 467 470 
906 456 444 461 
907 444 456 462 
908 461 444 463 
909 449 445 450 
910 450 445 451 
911 451 445 465 
912 446 458 464 
913 458 446 469 
914 446 464 472 
915 447 460 471 
916 467 447 470 
917 470 447 471 
918 448 459 468 
919 459 448 473 
920 448 462 473 
921 449 450 466 
922 450 451 452 
923 450 452 458 
924 452 451 453 
925 453 451 470 
926 452 453 454 
927 452 454 455 
928 452 455 458 
929 454 453 457 
930 457 453 471 
931 453 470 471 
932 455 454 456 
933 456 454 459 
934 454 457 459 
935 455 456 461 
936 458 455 464 
937 455 461 464 
938 456 459 473 
939 462 456 473 
940 460 457 471 
941 461 463 464 
942 464 463 472 
3 1 4 2594
943 420 531 566 582 
944 420 424 531 582 
945 352 495 518 543 
946 282 505 144 617 
947 493 541 522 657 
948 185 585 509 595 
949 490 528 343 611 
950 282 527 505 617 
951 504 541 474 657 
952 505 527 282 672 
953 491 541 504 657 
954 355 522 520 643 
955 504 586 511 614 
956 150 548 587 612 
957 125 534 126 583 
958 511 586 488 614 
959 522 541 491 657 
960 511 578 504 657 
961 168 549 669 671 
962 352 495 222 518 
963 499 669 549 671 
964 477 522 493 541 
965 185 215 509 585 
966 487 531 420 654 
967 474 511 504 657 
968 420 531 487 566 
969 510 619 513 625 
970 482 494 588 628 
971 491 504 578 657 
972 504 536 485 541 
973 491 536 504 541 
974 420 566 424 582 
975 102 289 500 558 
976 485 504 541 604 
977 126 583 534 600 
978 144 617 505 664 
979 504 511 474 614 
980 513 625 619 631 
981 58 564 563 639 
982 343 528 490 582 
983 487 654 420 674 
984 150 548 526 587 
985 507 531 423 656 
986 482 526 494 628 
987 505 617 535 664 
988 102 558 500 660 
989 490 531 562 613 
990 195 542 495 557 
991 186 185 509 595 
992 229 219 597 599 
993 125 499 534 583 
994 186 185 215 509 
995 102 500 299 660 
996 102 289 299 500 
997 494 587 548 612 
998 547 597 219 599 
999 388 520 507 562 
1000 474 541 504 604 
1001 110 545 501 549 
1002 195 495 543 557 
1003 299 173 553 641 
1004 144 535 617 664 
1005 222 518 495 579 
1006 488 577 511 614 
1007 289 537 500 558 
1008 500 537 274 571 
1009 88 539 497 552 
1010 202 501 107 533 
1011 453 530 519 661 
1012 274 500 289 537 
1013 433 525 74 610 
1014 428 422 423 507 
1015 422 423 507 531 
1016 500 299 553 641 
1017 213 487 547 573 
1018 490 562 531 656 
1019 343 490 372 613 
1020 126 125 124 534 
1021 577 614 474 665 
1022 164 504 165 578 
1023 462 543 518 615 
1024 511 474 614 665 
1025 110 326 545 549 
1026 511 614 577 665 
1027 492 517 479 665 
1028 513 510 625 635 
1029 526 548 494 587 
1030 529 553 173 641 
1031 168 669 130 671 
1032 264 493 403 648 
1033 264 544 493 648 
1034 126 534 124 600 
1035 492 479 517 556 
1036 483 518 495 568 
1037 453 519 559 661 
1038 144 505 282 664 
1039 110 501 202 549 
1040 302 532 64 623 
1041 496 601 548 625 
1042 403 493 264 623 
1043 489 597 547 599 
1044 162 504 164 640 
1045 107 202 110 501 
1046 518 495 568 615 
1047 208 222 352 495 
1048 88 86 539 552 
1049 510 601 496 625 
1050 563 564 58 647 
1051 64 532 302 643 
1052 439 507 395 663 
1053 493 544 264 623 
1054 148 510 152 567 
1055 319 527 180 547 
1056 496 476 546 609 
1057 501 533 202 549 
1058 193 542 502 605 
1059 343 582 490 613 
1060 496 609 546 630 
1061 302 532 623 643 
1062 213 487 217 547 
1063 164 162 165 504 
1064 515 591 524 597 
1065 375 217 213 487 
1066 193 314 542 605 
1067 420 566 487 674 
1068 295 490 343 611 
1069 477 491 522 541 
1070 513 519 216 561 
1071 510 152 567 570 
1072 444 572 543 615 
1073 152 510 148 570 
1074 110 202 326 549 
1075 515 550 387 610 
1076 480 494 584 681 
1077 421 531 582 613 
1078 492 479 577 665 
1079 502 560 325 581 
1080 323 586 575 677 
1081 395 439 430 507 
1082 274 571 537 607 
1083 540 585 398 612 
1084 496 503 609 630 
1085 118 115 514 534 
1086 494 482 588 630 
1087 239 403 493 648 
1088 507 422 531 663 
1089 91 92 497 571 
1090 318 560 516 581 
1091 477 524 515 591 
1092 314 495 195 542 
1093 208 222 495 579 
1094 489 477 524 541 
1095 250 398 585 612 
1096 422 425 531 663 
1097 476 496 619 620 
1098 115 514 534 569 
1099 325 560 318 581 
1100 290 318 516 581 
1101 83 508 30 564 
1102 526 548 134 626 
1103 341 498 205 545 
1104 492 538 479 556 
1105 482 496 548 625 
1106 195 495 352 543 
1107 249 323 575 677 
1108 88 91 497 539 
1109 91 571 497 677 
1110 233 608 524 648 
1111 144 282 138 664 
1112 180 547 527 573 
1113 488 481 529 592 
1114 115 116 118 514 
1115 476 619 496 625 
1116 185 496 585 595 
1117 502 542 193 560 
1118 507 423 562 656 
1119 254 150 587 612 
1120 115 116 514 569 
1121 233 597 524 608 
1122 509 619 496 620 
1123 239 264 403 648 
1124 506 556 396 564 
1125 482 548 601 625 
1126 276 501 110 545 
1127 168 526 549 671 
1128 417 525 433 610 
1129 325 502 193 560 
1130 483 518 568 615 
1131 237 544 264 648 
1132 58 563 285 639 
1133 88 86 304 539 
1134 295 490 611 652 
1135 527 547 319 599 
1136 489 524 591 597 
1137 525 531 425 663 
1138 318 325 193 560 
1139 439 430 507 663 
1140 30 564 508 576 
1141 352 518 376 543 
1142 481 488 529 614 
1143 480 494 540 584 
1144 496 619 510 625 
1145 420 438 424 566 
1146 462 73 518 543 
1147 489 524 477 591 
1148 164 536 504 578 
1149 493 524 477 541 
1150 500 529 481 592 
1151 217 487 375 674 
1152 481 577 488 614 
1153 496 585 540 612 
1154 216 561 519 590 
1155 453 519 530 637 
1156 285 563 58 647 
1157 276 501 596 660 
1158 522 623 493 657 
1159 372 343 295 490 
1160 96 581 516 607 
1161 477 541 489 591 
1162 447 344 519 590 
1163 276 501 545 596 
1164 457 590 519 637 
1165 96 516 290 607 
1166 495 620 542 662 
1167 423 562 531 613 
1168 498 625 513 631 
1169 241 606 556 642 
1170 524 544 237 648 
1171 493 522 477 544 
1172 428 507 423 562 
1173 58 552 564 639 
1174 256 576 494 587 
1175 290 516 96 581 
1176 542 620 609 662 
1177 376 518 73 543 
1178 96 537 581 607 
1179 211 528 566 573 
1180 496 250 585 612 
1181 243 241 556 642 
1182 491 623 522 657 
1183 481 488 577 592 
1184 491 522 520 593 
1185 313 22 395 507 
1186 125 534 499 669 
1187 383 543 444 572 
1188 496 540 503 630 
1189 516 581 537 607 
1190 492 655 517 665 
1191 479 538 506 556 
1192 477 531 507 656 
1193 531 562 423 656 
1194 213 214 180 573 
1195 411 507 428 562 
1196 276 596 558 660 
1197 205 545 498 596 
1198 250 185 496 585 
1199 503 480 609 630 
1200 453 457 519 637 
1201 498 513 625 635 
1202 479 577 539 592 
1203 107 533 501 660 
1204 411 361 430 507 
1205 479 511 539 577 
1206 477 522 491 593 
1207 213 547 214 573 
1208 503 540 480 630 
1209 214 547 180 573 
1210 190 193 542 560 
1211 491 532 623 657 
1212 476 619 625 631 
1213 588 494 630 681 
1214 94 274 537 607 
1215 314 495 542 605 
1216 476 496 546 625 
1217 90 91 92 497 
1218 90 497 92 607 
1219 494 588 628 681 
1220 168 297 130 669 
1221 134 132 526 626 
1222 372 490 295 652 
1223 156 145 146 617 
1224 504 536 164 640 
1225 355 520 210 643 
1226 103 276 558 660 
1227 507 522 79 618 
1228 498 567 545 635 
1229 509 186 595 666 
1230 545 567 341 635 
1231 498 545 341 635 
1232 507 520 360 522 
1233 421 420 424 531 
1234 495 483 568 631 
1235 90 291 580 607 
1236 503 585 496 620 
1237 91 497 539 677 
1238 156 617 146 640 
1239 401 243 241 556 
1240 72 388 507 562 
1241 516 580 291 607 
1242 217 547 487 550 
1243 495 557 542 620 
1244 313 507 79 618 
1245 155 561 512 627 
1246 277 508 83 552 
1247 510 513 570 635 
1248 479 538 492 577 
1249 481 492 534 538 
1250 488 539 511 577 
1251 243 242 241 642 
1252 214 319 180 547 
1253 489 514 599 604 
1254 116 599 569 672 
1255 421 531 424 582 
1256 146 617 535 640 
1257 514 604 489 634 
1258 514 505 599 604 
1259 314 352 195 495 
1260 588 630 616 681 
1261 395 507 22 663 
1262 132 549 526 626 
1263 471 519 457 590 
1264 563 564 479 639 
1265 289 500 274 641 
1266 524 541 493 634 
1267 33 503 70 551 
1268 126 583 600 642 
1269 276 105 501 660 
1270 255 256 254 587 
1271 447 519 471 590 
1272 291 516 184 580 
1273 512 561 155 675 
1274 530 658 519 661 
1275 543 568 495 615 
1276 195 543 196 557 
1277 477 525 507 531 
1278 478 568 543 615 
1279 494 480 540 630 
1280 250 185 187 496 
1281 558 596 501 660 
1282 539 577 488 592 
1283 514 569 116 599 
1284 305 549 132 626 
1285 88 552 497 580 
1286 26 563 27 659 
1287 103 558 276 596 
1288 478 495 543 568 
1289 492 538 481 622 
1290 249 575 641 677 
1291 185 187 496 595 
1292 213 357 487 573 
1293 499 583 125 671 
1294 349 503 542 557 
1295 211 528 391 566 
1296 107 110 105 501 
1297 372 613 490 652 
1298 97 274 289 537 
1299 491 532 522 623 
1300 423 531 421 613 
1301 357 375 213 487 
1302 97 94 274 537 
1303 511 539 348 639 
1304 510 570 513 619 
1305 496 585 509 620 
1306 516 560 184 580 
1307 313 79 23 618 
1308 323 504 575 586 
1309 194 542 195 557 
1310 227 201 511 639 
1311 320 556 506 583 
1312 91 92 571 677 
1313 512 175 594 605 
1314 497 571 92 607 
1315 139 293 136 510 
1316 158 187 595 612 
1317 479 539 497 592 
1318 26 532 563 659 
1319 513 627 204 635 
1320 158 595 548 612 
1321 110 276 105 501 
1322 520 593 522 656 
1323 448 518 66 574 
1324 107 501 105 660 
1325 492 481 534 622 
1326 473 462 518 615 
1327 512 579 175 605 
1328 355 360 520 522 
1329 489 541 524 634 
1330 411 430 428 507 
1331 511 563 201 646 
1332 277 508 552 580 
1333 120 116 569 672 
1334 496 595 187 612 
1335 512 155 579 675 
1336 490 582 531 613 
1337 31 540 576 584 
1338 348 511 322 578 
1339 349 70 503 557 
1340 31 540 380 576 
1341 567 570 152 635 
1342 159 595 186 666 
1343 233 521 608 648 
1344 511 578 348 586 
1345 148 510 293 570 
1346 515 525 477 654 
1347 115 569 534 650 
1348 204 513 561 627 
1349 453 457 471 519 
1350 134 526 133 548 
1351 539 552 86 639 
1352 567 625 510 635 
1353 305 168 132 549 
1354 494 576 584 681 
1355 236 237 264 648 
1356 257 380 540 576 
1357 201 563 511 639 
1358 291 290 318 516 
1359 421 582 426 613 
1360 548 601 134 626 
1361 90 88 91 497 
1362 507 531 525 663 
1363 203 205 341 498 
1364 26 532 303 563 
1365 227 511 201 646 
1366 227 322 348 511 
1367 430 361 395 507 
1368 478 557 495 620 
1369 120 599 116 672 
1370 462 444 543 615 
1371 431 422 428 507 
1372 107 553 533 660 
1373 258 576 256 587 
1374 495 579 483 631 
1375 88 497 90 580 
1376 83 552 508 564 
1377 216 519 513 670 
1378 257 540 494 576 
1379 495 518 483 579 
1380 481 529 500 553 
1381 298 299 173 553 
1382 217 550 487 674 
1383 83 292 30 508 
1384 599 604 505 672 
1385 314 208 352 495 
1386 139 293 510 595 
1387 112 569 115 650 
1388 197 148 293 570 
1389 292 30 508 584 
1390 480 630 494 681 
1391 514 599 505 672 
1392 22 507 313 618 
1393 375 487 566 674 
1394 382 528 343 582 
1395 299 500 553 660 
1396 349 542 503 598 
1397 156 611 617 640 
1398 93 96 290 607 
1399 233 521 247 608 
1400 293 510 565 570 
1401 482 494 526 548 
1402 26 303 27 563 
1403 486 621 616 668 
1404 280 528 573 617 
1405 483 518 615 637 
1406 291 516 318 560 
1407 161 323 504 575 
1408 168 526 132 549 
1409 531 591 487 680 
1410 277 83 84 552 
1411 518 543 495 615 
1412 322 511 227 646 
1413 270 112 115 669 
1414 93 290 516 607 
1415 24 544 522 623 
1416 233 247 521 648 
1417 608 634 524 648 
1418 521 634 608 648 
1419 321 341 205 545 
1420 492 506 538 556 
1421 588 616 486 621 
1422 30 576 508 584 
1423 371 574 518 579 
1424 184 516 291 560 
1425 253 548 150 612 
1426 481 500 592 602 
1427 495 579 631 662 
1428 495 631 568 662 
1429 493 477 524 544 
1430 478 495 568 620 
1431 133 526 150 548 
1432 525 531 477 654 
1433 388 360 507 520 
1434 477 491 541 593 
1435 325 502 594 605 
1436 485 541 536 593 
1437 205 596 498 627 
1438 320 245 506 556 
1439 192 193 314 542 
1440 492 577 655 665 
1441 313 395 361 507 
1442 616 644 486 668 
1443 477 522 593 656 
1444 494 576 540 584 
1445 175 155 176 512 
1446 184 580 560 638 
1447 479 511 577 665 
1448 322 578 511 646 
1449 325 594 287 605 
1450 499 534 492 538 
1451 480 584 616 681 
1452 257 494 256 576 
1453 448 459 473 518 
1454 129 512 155 594 
1455 445 559 385 589 
1456 496 509 595 619 
1457 340 356 382 528 
1458 482 545 549 588 
1459 533 553 107 650 
1460 108 107 553 650 
1461 453 559 451 661 
1462 27 563 517 659 
1463 239 493 403 659 
1464 293 565 310 570 
1465 548 595 496 612 
1466 204 513 216 561 
1467 99 537 289 558 
1468 203 205 498 627 
1469 494 540 257 612 
1470 500 571 274 641 
1471 444 383 73 543 
1472 223 215 400 509 
1473 503 551 33 673 
1474 256 494 257 612 
1475 356 340 391 528 
1476 555 101 596 653 
1477 250 496 187 612 
1478 481 534 499 538 
1479 307 544 24 623 
1480 341 203 498 635 
1481 306 349 70 503 
1482 162 161 323 504 
1483 134 132 133 526 
1484 329 303 532 563 
1485 132 168 130 526 
1486 168 130 526 671 
1487 501 549 545 588 
1488 492 534 583 600 
1489 500 553 529 641 
1490 113 120 116 569 
1491 289 274 200 641 
1492 88 304 91 539 
1493 190 193 192 542 
1494 70 551 503 557 
1495 219 319 547 599 
1496 223 186 215 509 
1497 132 526 130 671 
1498 536 541 491 593 
1499 487 550 654 674 
1500 329 563 532 646 
1501 522 544 24 618 
1502 175 512 176 579 
1503 400 509 215 585 
1504 208 495 314 605 
1505 483 561 519 658 
1506 400 223 509 651 
1507 307 24 544 618 
1508 22 507 618 663 
1509 239 606 493 659 
1510 498 476 631 632 
1511 90 580 497 607 
1512 419 422 425 531 
1513 462 448 473 518 
1514 280 528 211 573 
1515 159 565 595 666 
1516 485 535 504 604 
1517 519 561 513 658 
1518 94 571 274 607 
1519 162 161 504 640 
1520 268 515 547 550 
1521 79 507 360 522 
1522 277 552 87 580 
1523 348 539 511 586 
1524 72 507 411 562 
1525 493 606 239 648 
1526 74 610 525 636 
1527 73 376 333 518 
1528 477 591 531 680 
1529 522 532 491 643 
1530 542 503 609 620 
1531 492 538 506 583 
1532 275 341 545 567 
1533 320 244 556 583 
1534 249 575 330 641 
1535 522 544 493 623 
1536 141 596 205 627 
1537 329 201 563 646 
1538 385 589 559 676 
1539 166 164 578 624 
1540 129 555 512 594 
1541 448 66 468 574 
1542 482 494 548 630 
1543 108 107 106 553 
1544 496 595 510 619 
1545 503 540 496 585 
1546 268 547 515 597 
1547 370 525 436 663 
1548 349 503 306 598 
1549 519 590 483 637 
1550 417 408 433 525 
1551 310 570 565 676 
1552 492 600 583 642 
1553 343 528 281 611 
1554 293 310 197 570 
1555 584 598 60 673 
1556 496 625 482 630 
1557 506 564 396 576 
1558 34 33 70 551 
1559 340 528 382 582 
1560 497 539 479 552 
1561 420 654 550 674 
1562 516 486 644 668 
1563 396 506 245 556 
1564 107 106 553 660 
1565 29 83 30 564 
1566 509 595 565 666 
1567 293 565 510 595 
1568 340 566 528 582 
1569 481 533 499 669 
1570 519 561 483 590 
1571 505 604 514 622 
1572 403 493 623 659 
1573 357 375 487 566 
1574 481 499 534 669 
1575 66 518 371 574 
1576 542 557 503 620 
1577 496 546 625 630 
1578 72 361 411 507 
1579 547 591 515 597 
1580 194 195 196 557 
1581 517 556 606 642 
1582 276 103 105 660 
1583 280 611 528 617 
1584 500 481 553 602 
1585 499 549 526 671 
1586 479 592 497 603 
1587 148 136 293 510 
1588 93 290 291 516 
1589 483 530 519 637 
1590 510 570 567 635 
1591 383 226 543 572 
1592 524 608 489 634 
1593 126 267 583 642 
1594 422 507 431 663 
1595 400 509 585 651 
1596 515 524 477 636 
1597 325 502 581 594 
1598 233 230 597 608 
1599 343 382 281 528 
1600 302 623 522 643 
1601 508 616 584 681 
1602 292 508 277 584 
1603 83 277 292 508 
1604 121 118 514 600 
1605 232 597 240 636 
1606 155 512 175 594 
1607 492 577 538 622 
1608 540 585 503 673 
1609 558 596 101 653 
1610 340 391 528 566 
1611 546 616 588 630 
1612 262 525 544 636 
1613 508 277 584 638 
1614 522 623 532 643 
1615 506 556 492 583 
1616 483 615 568 637 
1617 258 506 576 587 
1618 165 504 323 586 
1619 486 616 588 644 
1620 161 575 504 640 
1621 552 479 564 639 
1622 290 325 318 581 
1623 88 87 552 580 
1624 479 564 563 647 
1625 280 573 154 617 
1626 473 615 518 637 
1627 480 540 503 598 
1628 136 510 148 601 
1629 479 556 506 564 
1630 495 478 543 557 
1631 509 585 496 595 
1632 445 559 589 661 
1633 488 641 575 677 
1634 162 323 165 504 
1635 240 597 515 636 
1636 477 522 507 618 
1637 262 525 406 618 
1638 253 150 254 612 
1639 398 585 540 673 
1640 431 428 430 507 
1641 208 579 495 605 
1642 125 130 669 671 
1643 231 515 240 597 
1644 185 158 187 595 
1645 568 615 530 637 
1646 280 211 154 573 
1647 477 524 544 636 
1648 354 532 64 643 
1649 249 330 301 641 
1650 487 357 566 573 
1651 447 519 344 678 
1652 482 549 526 667 
1653 355 360 210 520 
1654 262 544 525 618 
1655 499 533 481 602 
1656 483 568 530 637 
1657 298 173 529 553 
1658 527 535 505 617 
1659 499 481 538 602 
1660 125 669 499 671 
1661 121 600 514 608 
1662 122 555 101 596 
1663 462 444 73 543 
1664 118 534 514 600 
1665 176 512 155 579 
1666 480 616 630 681 
1667 504 485 536 640 
1668 67 387 550 610 
1669 504 535 485 640 
1670 113 120 569 672 
1671 129 155 175 594 
1672 168 549 286 669 
1673 387 515 268 550 
1674 177 175 176 605 
1675 436 370 408 525 
1676 302 64 25 623 
1677 190 542 191 560 
1678 536 578 164 624 
1679 58 552 83 564 
1680 498 625 476 632 
1681 255 258 256 587 
1682 240 515 387 610 
1683 233 232 524 597 
1684 459 473 518 637 
1685 128 125 583 671 
1686 439 395 22 663 
1687 233 235 247 648 
1688 70 315 551 557 
1689 304 539 86 639 
1690 314 195 192 542 
1691 487 515 547 591 
1692 182 348 578 586 
1693 371 518 222 579 
1694 61 27 517 659 
1695 329 201 303 563 
1696 216 513 328 670 
1697 102 99 289 558 
1698 122 101 555 653 
1699 511 539 488 586 
1700 155 561 279 675 
1701 353 557 543 629 
1702 164 165 166 578 
1703 477 507 525 618 
1704 516 537 486 668 
1705 320 244 245 556 
1706 23 79 24 618 
1707 459 518 448 574 
1708 70 503 33 673 
1709 73 333 462 518 
1710 352 222 376 518 
1711 527 573 547 591 
1712 504 474 604 614 
1713 475 628 588 681 
1714 134 305 132 626 
1715 481 529 505 622 
1716 191 560 542 598 
1717 139 135 595 601 
1718 560 580 516 638 
1719 93 516 291 607 
1720 516 644 616 668 
1721 204 328 216 513 
1722 306 503 70 673 
1723 515 477 525 636 
1724 469 523 82 554 
1725 204 627 203 635 
1726 325 287 347 605 
1727 121 118 116 514 
1728 508 584 576 681 
1729 125 130 297 669 
1730 79 522 24 618 
1731 268 547 218 550 
1732 476 625 498 631 
1733 237 544 524 636 
1734 100 555 594 653 
1735 508 580 277 638 
1736 148 510 567 601 
1737 528 611 490 680 
1738 121 514 116 599 
1739 417 525 610 654 
1740 498 631 512 632 
1741 277 84 87 552 
1742 532 643 354 646 
1743 175 579 176 605 
1744 100 555 129 594 
1745 519 530 483 658 
1746 492 499 538 583 
1747 223 186 509 666 
1748 400 585 551 651 
1749 497 552 479 603 
1750 339 582 343 613 
1751 480 616 546 630 
1752 31 257 380 540 
1753 492 534 499 583 
1754 548 595 135 601 
1755 431 507 430 663 
1756 527 547 489 591 
1757 232 524 597 636 
1758 477 544 522 618 
1759 517 563 27 647 
1760 420 550 437 674 
1761 339 343 372 613 
1762 490 611 593 680 
1763 176 579 155 675 
1764 203 627 498 635 
1765 182 348 322 578 
1766 57 396 564 576 
1767 172 570 513 635 
1768 197 570 310 676 
1769 497 539 488 592 
1770 306 60 598 673 
1771 556 583 244 642 
1772 538 603 506 628 
1773 211 566 357 573 
1774 479 539 511 639 
1775 195 352 225 543 
1776 349 542 194 557 
1777 32 584 60 673 
1778 121 266 600 608 
1779 71 307 24 623 
1780 482 548 496 630 
1781 184 291 318 560 
1782 505 633 114 664 
1783 503 598 540 673 
1784 513 627 498 631 
1785 262 544 237 636 
1786 226 73 383 543 
1787 529 614 505 622 
1788 258 320 506 587 
1789 489 547 527 599 
1790 29 564 30 576 
1791 139 136 135 601 
1792 298 553 529 633 
1793 90 291 89 580 
1794 114 505 282 672 
1795 479 506 538 603 
1796 514 569 599 672 
1797 232 231 240 597 
1798 506 628 603 681 
1799 89 291 184 580 
1800 186 159 185 595 
1801 537 621 486 668 
1802 165 578 504 586 
1803 64 532 354 646 
1804 85 58 285 639 
1805 355 79 360 522 
1806 262 263 406 525 
1807 320 245 258 506 
1808 505 529 481 633 
1809 505 535 527 604 
1810 482 588 549 667 
1811 249 323 330 575 
1812 311 589 385 676 
1813 202 533 286 549 
1814 335 468 66 574 
1815 137 298 529 633 
1816 504 536 491 578 
1817 128 125 126 583 
1818 161 535 575 640 
1819 100 129 278 594 
1820 353 543 572 629 
1821 477 544 525 636 
1822 152 570 172 635 
1823 100 594 278 653 
1824 121 266 118 600 
1825 487 547 515 550 
1826 497 488 571 592 
1827 545 549 326 626 
1828 163 162 164 640 
1829 512 631 579 662 
1830 481 614 529 622 
1831 447 59 344 590 
1832 320 583 506 587 
1833 506 538 499 583 
1834 177 176 579 605 
1835 61 517 27 647 
1836 220 547 268 597 
1837 209 561 216 590 
1838 258 397 256 576 
1839 234 524 237 648 
1840 425 525 417 654 
1841 482 548 526 626 
1842 139 565 293 595 
1843 367 370 263 525 
1844 172 513 328 635 
1845 246 564 556 647 
1846 528 582 566 680 
1847 353 196 543 557 
1848 459 518 574 637 
1849 321 545 205 596 
1850 492 534 514 622 
1851 515 610 240 636 
1852 466 69 523 589 
1853 23 22 313 618 
1854 141 555 596 627 
1855 258 506 396 576 
1856 457 574 590 637 
1857 495 568 620 662 
1858 268 218 221 550 
1859 527 604 599 672 
1860 250 215 185 585 
1861 276 110 321 545 
1862 469 331 82 523 
1863 575 586 488 677 
1864 96 581 537 653 
1865 466 523 450 589 
1866 144 143 535 664 
1867 210 171 188 520 
1868 499 538 506 628 
1869 527 591 489 604 
1870 28 285 58 647 
1871 198 643 624 646 
1872 223 509 651 666 
1873 235 521 247 648 
1874 171 188 520 624 
1875 34 288 33 551 
1876 588 616 546 644 
1877 445 451 559 661 
1878 524 597 489 608 
1879 126 600 127 642 
1880 267 244 583 642 
1881 227 123 201 639 
1882 538 577 481 622 
1883 475 603 538 628 
1884 396 258 245 506 
1885 79 313 360 507 
1886 88 87 86 552 
1887 58 84 83 552 
1888 474 511 657 665 
1889 485 611 528 680 
1890 513 570 172 670 
1891 408 370 367 525 
1892 420 438 566 674 
1893 210 520 188 643 
1894 161 535 273 575 
1895 580 616 603 668 
1896 198 624 169 646 
1897 350 172 328 635 
1898 489 591 547 597 
1899 457 574 442 590 
1900 216 519 344 590 
1901 188 520 624 643 
1902 70 315 34 551 
1903 325 581 287 594 
1904 65 585 398 673 
1905 448 333 66 518 
1906 439 431 430 663 
1907 173 299 200 641 
1908 486 501 558 679 
1909 381 564 246 647 
1910 485 593 611 680 
1911 540 598 584 673 
1912 139 160 293 565 
1913 149 148 152 567 
1914 479 564 506 603 
1915 514 599 121 608 
1916 96 98 581 653 
1917 316 317 364 676 
1918 354 64 302 643 
1919 275 567 545 626 
1920 233 265 230 608 
1921 475 603 628 681 
1922 206 176 155 675 
1923 233 232 234 524 
1924 123 348 539 639 
1925 312 449 385 445 
1926 180 527 178 573 
1927 96 537 98 653 
1928 170 567 152 635 
1929 64 532 25 623 
1930 447 471 460 590 
1931 577 614 481 622 
1932 492 514 600 655 
1933 114 633 505 672 
1934 236 264 239 648 
1935 127 247 521 600 
1936 137 298 173 529 
1937 74 384 610 636 
1938 517 556 479 647 
1939 358 520 388 562 
1940 127 600 521 642 
1941 551 585 509 651 
1942 127 521 247 642 
1943 231 268 515 597 
1944 214 213 217 547 
1945 477 525 544 618 
1946 119 124 125 534 
1947 533 481 650 669 
1948 520 522 491 643 
1949 534 650 481 669 
1950 540 584 32 673 
1951 412 365 432 550 
1952 493 544 524 648 
1953 513 631 619 658 
1954 504 604 535 614 
1955 487 566 528 573 
1956 211 391 357 566 
1957 387 240 231 515 
1958 521 600 247 608 
1959 487 528 566 680 
1960 252 219 229 599 
1961 253 133 150 548 
1962 622 634 514 655 
1963 198 169 624 643 
1964 275 174 567 626 
1965 512 498 627 631 
1966 521 600 514 655 
1967 28 58 564 647 
1968 317 670 364 676 
1969 508 603 580 616 
1970 492 622 514 655 
1971 306 598 503 673 
1972 423 421 426 613 
1973 453 530 454 637 
1974 267 126 127 642 
1975 480 546 616 644 
1976 91 248 92 677 
1977 474 634 622 655 
1978 85 552 58 639 
1979 536 593 490 611 
1980 536 611 490 652 
1981 477 507 522 656 
1982 537 571 500 607 
1983 321 275 341 545 
1984 122 100 101 653 
1985 441 331 469 523 
1986 480 516 616 638 
1987 115 113 116 569 
1988 480 560 516 638 
1989 150 526 131 587 
1990 444 461 572 615 
1991 497 580 603 668 
1992 156 611 280 617 
1993 384 240 610 636 
1994 156 280 145 617 
1995 133 131 150 526 
1996 517 606 401 659 
1997 35 551 629 651 
1998 193 347 314 605 
1999 25 532 26 659 
2000 234 233 524 648 
2001 479 556 564 647 
2002 166 167 164 624 
2003 520 491 593 624 
2004 286 549 533 669 
2005 57 396 381 564 
2006 493 623 532 657 
2007 388 210 360 520 
2008 114 283 633 672 
2009 263 525 370 663 
2010 569 633 283 672 
2011 442 574 342 590 
2012 220 229 219 597 
2013 501 596 558 679 
2014 527 604 535 617 
2015 294 295 343 611 
2016 262 261 525 636 
2017 445 385 63 465 
2018 549 588 501 667 
2019 377 358 562 652 
2020 249 301 95 571 
2021 31 576 30 584 
2022 364 670 570 676 
2023 263 618 525 663 
2024 449 445 312 589 
2025 498 627 513 635 
2026 551 557 315 629 
2027 500 607 571 668 
2028 503 585 551 673 
2029 328 513 172 670 
2030 204 216 209 561 
2031 501 486 558 621 
2032 485 591 527 604 
2033 483 561 512 675 
2034 537 607 500 668 
2035 273 161 146 535 
2036 472 554 393 572 
2037 25 64 26 532 
2038 333 448 462 518 
2039 169 624 578 646 
2040 479 511 563 639 
2041 408 436 525 663 
2042 571 592 488 641 
2043 25 623 532 659 
2044 500 592 571 641 
2045 264 544 405 623 
2046 255 254 150 587 
2047 517 492 556 642 
2048 119 534 125 669 
2049 272 122 101 596 
2050 336 574 371 579 
2051 299 553 104 660 
2052 506 603 564 681 
2053 489 599 527 604 
2054 247 521 271 642 
2055 122 555 100 653 
2056 219 319 214 547 
2057 139 160 565 595 
2058 367 74 525 636 
2059 422 421 423 531 
2060 344 519 374 678 
2061 80 618 263 663 
2062 189 560 191 598 
2063 35 78 551 651 
2064 486 588 501 679 
2065 266 247 600 608 
2066 377 212 358 652 
2067 81 572 554 629 
2068 292 584 277 638 
2069 63 445 465 559 
2070 475 588 616 681 
2071 339 435 582 613 
2072 229 597 230 608 
2073 127 247 271 642 
2074 197 152 148 570 
2075 246 396 245 556 
2076 520 522 507 656 
2077 531 582 490 680 
2078 335 66 371 574 
2079 60 584 346 598 
2080 501 588 486 621 
2081 35 629 554 651 
2082 324 326 549 626 
2083 420 437 438 674 
2084 236 234 237 648 
2085 589 649 484 666 
2086 517 563 532 659 
2087 346 60 327 584 
2088 349 351 70 557 
2089 220 218 268 547 
2090 163 164 536 640 
2091 517 492 642 655 
2092 238 521 271 648 
2093 269 286 202 533 
2094 74 416 433 610 
2095 264 405 403 623 
2096 220 219 547 597 
2097 190 192 191 542 
2098 401 556 517 647 
2099 29 57 564 576 
2100 29 30 57 576 
2101 90 93 291 607 
2102 478 649 523 651 
2103 94 537 96 607 
2104 82 523 369 651 
2105 249 571 95 677 
2106 99 97 289 537 
2107 71 403 405 623 
2108 94 97 96 537 
2109 505 481 569 633 
2110 206 155 279 675 
2111 482 549 545 626 
2112 559 670 317 676 
2113 135 548 158 595 
2114 514 534 492 600 
2115 494 576 506 587 
2116 88 90 89 580 
2117 459 448 468 574 
2118 233 230 232 597 
2119 418 550 420 654 
2120 367 525 261 636 
2121 299 298 104 553 
2122 203 141 205 627 
2123 485 573 528 617 
2124 420 418 437 550 
2125 485 528 611 617 
2126 481 505 569 622 
2127 168 286 297 669 
2128 181 529 575 664 
2129 271 521 238 606 
2130 555 486 594 653 
2131 506 576 494 681 
2132 276 545 321 596 
2133 499 506 583 628 
2134 514 505 569 672 
2135 374 519 216 670 
2136 180 319 284 527 
2137 494 587 506 681 
2138 489 591 541 604 
2139 452 530 453 661 
2140 356 211 280 528 
2141 486 537 516 581 
2142 63 385 445 559 
2143 235 238 271 648 
2144 486 558 596 679 
2145 478 523 554 651 
2146 295 611 536 652 
2147 295 163 536 611 
2148 508 564 603 681 
2149 61 517 401 659 
2150 147 149 174 626 
2151 231 268 387 515 
2152 480 584 540 598 
2153 503 480 598 609 
2154 542 598 560 609 
2155 178 573 527 617 
2156 149 567 174 626 
2157 170 341 275 567 
2158 235 271 521 648 
2159 282 527 178 672 
2160 35 554 363 651 
2161 571 592 500 668 
2162 483 512 579 675 
2163 31 380 30 576 
2164 525 515 610 654 
2165 485 535 617 640 
2166 481 577 538 592 
2167 518 574 483 579 
2168 493 517 655 657 
2169 327 292 277 638 
2170 564 576 506 681 
2171 252 599 229 608 
2172 479 552 539 639 
2173 485 573 527 591 
2174 542 560 502 609 
2175 198 188 169 643 
2176 269 202 107 533 
2177 341 567 170 635 
2178 329 227 201 646 
2179 502 605 542 662 
2180 324 326 202 549 
2181 542 605 495 662 
2182 259 583 320 587 
2183 500 558 537 621 
2184 498 596 555 627 
2185 204 561 153 627 
2186 179 180 178 573 
2187 466 69 441 523 
2188 485 528 573 680 
2189 146 535 161 640 
2190 148 567 149 601 
2191 473 456 462 615 
2192 492 577 622 655 
2193 349 194 351 557 
2194 464 554 472 572 
2195 581 594 486 653 
2196 189 190 191 560 
2197 262 261 263 525 
2198 476 620 568 662 
2199 501 533 602 660 
2200 271 521 606 642 
2201 131 587 526 671 
2202 211 356 391 528 
2203 584 616 508 638 
2204 520 562 358 652 
2205 523 478 645 649 
2206 401 606 241 659 
2207 238 606 521 648 
2208 82 554 523 651 
2209 482 601 548 626 
2210 228 539 348 586 
2211 482 625 546 630 
2212 327 584 292 638 
2213 159 308 565 666 
2214 486 555 596 653 
2215 181 142 529 664 
2216 508 576 564 681 
2217 476 609 620 662 
2218 421 424 426 582 
2219 480 616 584 638 
2220 425 417 419 654 
2221 524 634 493 648 
2222 234 260 237 524 
2223 526 549 482 626 
2224 445 589 450 661 
2225 121 252 229 608 
2226 313 361 360 507 
2227 485 573 591 680 
2228 511 479 563 665 
2229 372 338 613 652 
2230 533 650 269 669 
2231 316 559 317 676 
2232 325 117 287 581 
2233 493 517 657 659 
2234 123 348 304 539 
2235 339 62 343 582 
2236 523 478 554 645 
2237 371 222 207 579 
2238 80 263 370 663 
2239 485 617 611 640 
2240 565 484 649 666 
2241 281 528 280 611 
2242 498 512 555 632 
2243 587 628 506 681 
2244 349 191 542 598 
2245 382 356 281 528 
2246 62 382 343 582 
2247 492 600 521 655 
2248 450 449 466 589 
2249 393 554 81 572 
2250 271 606 238 642 
2251 553 602 533 660 
2252 121 599 252 608 
2253 124 534 118 600 
2254 499 602 538 667 
2255 523 649 589 666 
2256 115 534 119 669 
2257 475 621 592 668 
2258 67 387 268 550 
2259 263 406 525 618 
2260 475 602 592 621 
2261 306 70 33 673 
2262 494 628 587 681 
2263 306 32 60 673 
2264 118 124 119 534 
2265 400 288 551 585 
2266 353 543 226 572 
2267 143 144 535 617 
2268 270 115 119 669 
2269 350 204 203 635 
2270 478 551 649 651 
2271 504 575 535 640 
2272 511 504 578 586 
2273 458 523 469 554 
2274 507 562 520 656 
2275 499 538 628 667 
2276 555 594 486 632 
2277 188 624 169 643 
2278 512 483 579 631 
2279 561 627 513 631 
2280 178 154 573 617 
2281 533 549 499 669 
2282 318 193 190 560 
2283 399 398 65 585 
2284 486 596 558 653 
2285 565 595 509 619 
2286 36 393 472 554 
2287 79 355 302 522 
2288 385 312 445 589 
2289 171 624 520 652 
2290 498 555 512 627 
2291 402 401 241 659 
2292 329 64 354 646 
2293 352 376 225 543 
2294 402 61 401 659 
2295 192 195 194 542 
2296 315 557 353 629 
2297 251 540 398 612 
2298 399 250 398 585 
2299 499 526 549 667 
2300 248 571 92 677 
2301 514 489 608 634 
2302 483 512 561 631 
2303 369 651 523 666 
2304 471 519 447 678 
2305 390 209 216 590 
2306 514 634 521 655 
2307 359 561 209 590 
2308 358 212 171 520 
2309 367 261 74 636 
2310 111 283 569 633 
2311 35 363 78 651 
2312 475 628 538 667 
2313 179 178 154 573 
2314 24 522 302 623 
2315 545 588 482 679 
2316 376 73 225 543 
2317 144 138 143 664 
2318 237 262 264 544 
2319 497 592 571 668 
2320 558 621 500 660 
2321 498 546 625 632 
2322 515 487 550 654 
2323 384 240 334 610 
2324 356 280 281 528 
2325 498 625 567 635 
2326 498 546 632 679 
2327 532 563 511 646 
2328 229 230 265 608 
2329 389 61 27 647 
2330 536 593 491 624 
2331 237 524 260 636 
2332 498 625 546 679 
2333 532 657 517 659 
2334 509 649 551 651 
2335 181 575 529 641 
2336 149 152 170 567 
2337 178 527 284 672 
2338 515 597 524 636 
2339 460 457 442 590 
2340 498 567 625 679 
2341 454 530 455 615 
2342 525 610 515 636 
2343 427 566 340 582 
2344 195 225 196 543 
2345 497 580 516 607 
2346 148 149 147 601 
2347 517 642 606 655 
2348 453 454 457 637 
2349 82 331 369 523 
2350 329 532 64 646 
2351 486 594 581 632 
2352 516 560 480 644 
2353 498 545 567 679 
2354 592 621 500 668 
2355 216 374 344 519 
2356 466 441 450 523 
2357 514 569 505 622 
2358 353 315 351 557 
2359 592 602 500 621 
2360 282 178 284 672 
2361 532 646 511 657 
2362 494 612 548 630 
2363 493 517 606 655 
2364 358 210 388 520 
2365 165 182 578 586 
2366 476 625 546 632 
2367 442 77 342 574 
2368 159 186 308 666 
2369 551 620 478 649 
2370 475 616 588 621 
2371 505 633 569 672 
2372 583 628 587 671 
2373 85 84 58 552 
2374 118 119 115 534 
2375 303 64 329 532 
2376 353 572 81 629 
2377 537 558 99 653 
2378 520 593 536 624 
2379 552 580 508 603 
2380 173 181 142 529 
2381 497 580 552 603 
2382 546 588 482 630 
2383 183 580 184 638 
2384 402 241 606 659 
2385 194 349 191 542 
2386 588 628 475 667 
2387 492 583 556 642 
2388 516 497 607 668 
2389 36 81 393 554 
2390 480 560 598 609 
2391 29 58 83 564 
2392 499 628 583 671 
2393 96 97 98 537 
2394 231 220 268 597 
2395 565 649 509 666 
2396 497 516 580 668 
2397 234 232 260 524 
2398 302 522 355 643 
2399 631 632 476 662 
2400 256 257 251 612 
2401 267 244 151 583 
2402 104 102 299 660 
2403 501 588 545 679 
2404 171 212 624 652 
2405 198 169 578 646 
2406 305 324 168 549 
2407 580 616 516 638 
2408 530 615 454 637 
2409 509 620 551 649 
2410 415 337 68 613 
2411 444 456 461 615 
2412 346 189 598 638 
2413 259 583 587 671 
2414 233 247 265 608 
2415 161 330 323 575 
2416 213 180 179 573 
2417 171 520 212 652 
2418 551 478 629 651 
2419 616 621 475 668 
2420 70 351 315 557 
2421 475 538 602 667 
2422 81 554 36 629 
2423 232 260 524 636 
2424 61 26 27 659 
2425 252 121 116 599 
2426 181 273 142 664 
2427 467 344 75 678 
2428 235 271 247 521 
2429 181 575 273 664 
2430 486 581 516 644 
2431 183 277 580 638 
2432 123 539 304 639 
2433 460 471 457 590 
2434 499 549 533 667 
2435 259 151 320 583 
2436 470 471 447 678 
2437 170 152 172 635 
2438 183 89 184 580 
2439 409 340 62 582 
2440 309 589 565 666 
2441 547 573 487 591 
2442 117 287 581 594 
2443 208 207 222 579 
2444 228 91 539 677 
2445 251 257 540 612 
2446 460 442 342 590 
2447 133 132 131 526 
2448 519 670 374 678 
2449 293 160 310 565 
2450 624 643 491 646 
2451 262 237 261 636 
2452 322 198 169 578 
2453 456 615 473 637 
2454 181 330 575 641 
2455 272 101 558 596 
2456 272 558 103 596 
2457 212 520 358 652 
2458 541 591 485 604 
2459 481 569 534 622 
2460 538 577 479 592 
2461 374 216 328 670 
2462 506 587 583 628 
2463 165 323 199 586 
2464 447 344 467 678 
2465 101 103 272 558 
2466 480 616 516 644 
2467 543 557 478 629 
2468 560 598 189 638 
2469 259 128 583 671 
2470 534 569 514 622 
2471 452 453 451 661 
2472 286 533 269 669 
2473 111 114 283 633 
2474 480 560 609 644 
2475 499 533 602 667 
2476 570 658 484 670 
2477 554 629 478 651 
2478 353 351 196 557 
2479 517 563 479 665 
2480 559 658 519 670 
2481 32 540 31 584 
2482 79 302 24 522 
2483 308 309 565 666 
2484 110 326 321 545 
2485 559 484 658 670 
2486 502 609 560 644 
2487 536 611 163 640 
2488 500 621 602 660 
2489 447 460 59 590 
2490 82 392 469 554 
2491 294 343 281 611 
2492 278 594 581 653 
2493 198 578 322 646 
2494 527 505 604 672 
2495 309 310 565 676 
2496 489 599 514 608 
2497 303 26 64 532 
2498 483 631 561 658 
2499 516 581 560 644 
2500 309 310 160 565 
2501 276 321 205 596 
2502 512 632 631 662 
2503 560 581 502 644 
2504 295 294 163 611 
2505 305 324 549 626 
2506 109 553 298 633 
2507 410 432 373 550 
2508 481 592 538 602 
2509 513 658 570 670 
2510 359 561 590 675 
2511 107 105 106 660 
2512 62 340 382 582 
2513 309 565 589 676 
2514 66 222 371 518 
2515 68 429 415 613 
2516 180 284 178 527 
2517 561 631 513 658 
2518 278 581 98 653 
2519 363 554 82 651 
2520 173 181 529 641 
2521 445 450 451 661 
2522 259 128 151 583 
2523 449 450 445 589 
2524 275 174 149 567 
2525 108 553 109 650 
2526 397 257 256 576 
2527 112 113 115 569 
2528 108 106 109 553 
2529 538 592 479 603 
2530 483 590 574 637 
2531 143 145 144 617 
2532 489 604 541 634 
2533 504 535 575 614 
2534 157 163 611 640 
2535 99 97 537 653 
2536 92 571 94 607 
2537 491 643 532 646 
2538 390 359 209 590 
2539 117 98 278 581 
2540 517 479 563 647 
2541 173 142 137 529 
2542 320 151 244 583 
2543 87 183 277 580 
2544 411 428 423 562 
2545 96 98 117 581 
2546 134 548 135 601 
2547 534 569 481 650 
2548 565 589 484 666 
2549 358 171 210 520 
2550 309 160 308 565 
2551 409 427 340 582 
2552 493 606 521 655 
2553 141 272 205 596 
2554 331 441 69 523 
2555 578 624 491 646 
2556 417 425 408 525 
2557 252 319 219 599 
2558 336 574 579 675 
2559 530 568 478 615 
2560 455 615 530 645 
2561 159 308 160 565 
2562 514 608 521 634 
2563 248 95 92 571 
2564 274 571 301 641 
2565 379 590 574 675 
2566 273 575 535 664 
2567 98 537 97 653 
2568 412 550 418 610 
2569 177 594 175 605 
2570 491 646 532 657 
2571 491 578 536 624 
2572 126 267 151 583 
2573 439 22 413 663 
2574 509 565 619 649 
2575 315 34 551 629 
2576 580 508 616 638 
2577 400 288 78 551 
2578 400 551 78 651 
2579 619 631 568 658 
2580 295 536 163 652 
2581 398 251 257 540 
2582 497 571 607 668 
2583 501 602 621 660 
2584 304 228 91 539 
2585 510 595 565 619 
2586 565 570 510 619 
2587 500 602 553 660 
2588 204 153 203 627 
2589 440 415 429 613 
2590 484 619 565 649 
2591 95 301 274 571 
2592 258 255 320 587 
2593 346 327 189 638 
2594 548 612 496 630 
2595 306 60 346 598 
2596 35 78 34 551 
2597 140 555 141 627 
2598 484 570 565 619 
2599 94 92 95 571 
2600 263 80 406 618 
2601 137 529 142 664 
2602 420 531 419 654 
2603 141 140 122 555 
2604 485 593 536 611 
2605 518 483 574 637 
2606 132 131 526 671 
2607 172 570 364 670 
2608 462 456 444 615 
2609 392 446 469 554 
2610 159 565 160 595 
2611 404 82 369 651 
2612 166 165 182 578 
2613 100 122 129 555 
2614 66 333 222 518 
2615 35 551 34 629 
2616 94 95 274 571 
2617 493 521 634 655 
2618 143 273 535 664 
2619 529 553 481 633 
2620 517 657 532 665 
2621 273 146 143 535 
2622 209 153 204 561 
2623 158 135 253 548 
2624 348 228 304 539 
2625 290 96 117 581 
2626 463 472 393 572 
2627 450 589 523 661 
2628 99 98 97 653 
2629 532 563 517 665 
2630 283 114 282 672 
2631 376 222 333 518 
2632 24 302 25 623 
2633 571 641 488 677 
2634 57 397 396 576 
2635 120 319 599 672 
2636 517 493 606 659 
2637 511 563 532 665 
2638 464 472 463 572 
2639 240 387 334 610 
2640 342 574 379 590 
2641 120 284 319 672 
2642 351 194 196 557 
2643 137 633 529 664 
2644 117 581 278 594 
2645 135 134 133 548 
2646 137 109 298 633 
2647 67 268 365 550 
2648 181 301 330 641 
2649 487 591 573 680 
2650 398 540 386 673 
2651 543 478 572 629 
2652 562 613 338 652 
2653 113 569 283 672 
2654 250 399 215 585 
2655 57 381 29 564 
2656 512 627 561 631 
2657 472 446 36 554 
2658 211 179 154 573 
2659 68 562 429 613 
2660 68 337 338 613 
2661 324 202 286 549 
2662 196 226 353 543 
2663 423 440 562 613 
2664 139 135 158 595 
2665 655 657 517 665 
2666 404 363 82 651 
2667 545 567 482 626 
2668 493 657 532 659 
2669 367 263 261 525 
2670 490 520 593 652 
2671 153 561 279 627 
2672 65 398 386 673 
2673 486 588 546 644 
2674 177 287 594 605 
2675 177 287 175 594 
2676 505 535 604 614 
2677 219 218 220 547 
2678 258 396 397 576 
2679 285 563 201 639 
2680 80 22 618 663 
2681 505 614 604 622 
2682 85 86 84 552 
2683 499 628 526 667 
2684 412 432 418 550 
2685 140 153 279 627 
2686 434 345 414 674 
2687 527 573 485 617 
2688 435 337 415 613 
2689 386 257 31 540 
2690 87 84 86 552 
2691 32 386 31 540 
2692 74 334 416 610 
2693 261 384 74 636 
2694 514 600 521 608 
2695 85 86 552 639 
2696 418 610 550 654 
2697 604 614 474 622 
2698 68 338 562 613 
2699 224 523 69 666 
2700 488 529 575 641 
2701 290 117 325 581 
2702 78 288 34 551 
2703 87 88 89 580 
2704 369 523 224 666 
2705 182 228 348 586 
2706 177 207 208 605 
2707 35 36 554 629 
2708 487 573 528 680 
2709 532 657 511 665 
2710 520 491 624 643 
2711 157 156 146 640 
2712 501 545 596 679 
2713 214 217 218 547 
2714 372 338 337 613 
2715 480 546 609 630 
2716 572 615 461 645 
2717 455 461 615 645 
2718 484 589 559 661 
2719 134 601 147 626 
2720 157 163 294 611 
2721 259 150 131 587 
2722 538 592 475 602 
2723 168 324 286 549 
2724 234 235 233 648 
2725 370 394 80 663 
2726 483 579 574 675 
2727 508 564 552 603 
2728 368 465 443 559 
2729 420 421 419 531 
2730 378 224 69 666 
2731 251 398 250 612 
2732 166 578 169 624 
2733 474 622 577 655 
2734 152 364 172 570 
2735 370 436 394 663 
2736 475 592 538 603 
2737 536 593 520 652 
2738 458 523 554 645 
2739 23 24 307 618 
2740 521 493 634 648 
2741 533 553 481 602 
2742 339 337 435 613 
2743 482 601 567 625 
2744 509 585 551 620 
2745 362 81 353 572 
2746 537 558 486 621 
2747 498 632 555 679 
2748 478 551 557 620 
2749 140 129 122 555 
2750 265 247 266 608 
2751 262 405 264 544 
2752 584 598 480 638 
2753 207 336 371 579 
2754 334 74 384 610 
2755 225 73 226 543 
2756 300 403 623 659 
2757 324 174 326 626 
2758 458 441 469 523 
2759 95 571 248 677 
2760 424 566 427 582 
2761 535 604 485 617 
2762 80 394 22 663 
2763 85 285 201 639 
2764 476 546 609 632 
2765 493 655 634 657 
2766 213 179 357 573 
2767 477 531 656 680 
2768 177 579 207 605 
2769 475 592 603 668 
2770 60 32 31 584 
2771 163 536 296 652 
2772 292 31 30 584 
2773 408 525 425 663 
2774 228 539 586 677 
2775 372 337 339 613 
2776 472 464 446 554 
2777 490 613 562 652 
2778 459 574 457 637 
2779 365 373 432 550 
2780 117 278 287 594 
2781 424 438 427 566 
2782 402 239 403 659 
2783 75 467 47 344 
2784 516 616 580 668 
2785 579 605 512 662 
2786 553 633 109 650 
2787 27 563 285 647 
2788 397 380 257 576 
2789 106 104 298 553 
2790 537 500 621 668 
2791 486 632 581 644 
2792 207 579 208 605 
2793 453 452 454 530 
2794 490 593 520 656 
2795 127 266 247 600 
2796 527 485 604 617 
2797 59 216 344 590 
2798 606 642 521 655 
2799 134 147 305 626 
2800 568 619 476 631 
2801 525 618 507 663 
2802 379 342 77 574 
2803 505 535 614 664 
2804 398 257 386 540 
2805 139 159 160 595 
2806 272 103 276 596 
2807 488 575 529 614 
2808 490 593 536 652 
2809 101 99 558 653 
2810 464 554 572 645 
2811 502 581 632 644 
2812 246 243 401 556 
2813 22 394 413 663 
2814 567 601 482 626 
2815 212 167 624 652 
2816 481 553 533 650 
2817 502 581 594 632 
2818 332 358 388 562 
2819 321 326 275 545 
2820 189 191 346 598 
2821 254 256 251 612 
2822 402 403 300 659 
2823 533 549 501 667 
2824 512 605 594 662 
2825 315 35 34 629 
2826 35 81 36 629 
2827 359 590 379 675 
2828 281 280 156 611 
2829 434 345 13 414 
2830 467 447 47 344 
2831 521 600 492 642 
2832 104 553 106 660 
2833 111 569 112 650 
2834 259 587 131 671 
2835 113 283 120 672 
2836 526 587 494 628 
2837 353 226 362 572 
2838 559 589 484 676 
2839 151 128 126 583 
2840 423 426 440 613 
2841 194 191 192 542 
2842 551 585 503 620 
2843 440 429 562 613 
2844 560 480 598 638 
2845 495 605 579 662 
2846 355 210 188 643 
2847 478 568 530 649 
2848 383 362 226 572 
2849 112 111 113 569 
2850 126 124 127 600 
2851 331 69 224 523 
2852 65 288 585 673 
2853 111 283 113 569 
2854 246 556 401 647 
2855 413 394 436 663 
2856 476 568 631 662 
2857 184 560 189 638 
2858 552 564 479 603 
2859 533 501 602 667 
2860 523 645 458 661 
2861 458 450 523 661 
2862 476 632 609 662 
2863 468 77 442 574 
2864 357 179 211 573 
2865 103 558 102 660 
2866 445 451 465 559 
2867 171 212 167 624 
2868 594 605 502 662 
2869 446 458 469 554 
2870 542 609 502 662 
2871 408 425 436 663 
2872 537 581 486 653 
2873 530 649 568 658 
2874 119 125 297 669 
2875 123 304 86 639 
2876 478 557 551 629 
2877 528 490 582 680 
2878 217 373 221 550 
2879 555 632 486 679 
2880 493 532 623 659 
2881 296 624 167 652 
2882 170 275 149 567 
2883 512 594 632 662 
2884 331 224 369 523 
2885 59 390 216 590 
2886 609 632 546 644 
2887 503 557 551 620 
2888 502 632 594 662 
2889 228 248 91 677 
2890 335 77 468 574 
2891 435 426 582 613 
2892 239 606 238 648 
2893 252 116 120 599 
2894 36 363 35 554 
2895 502 632 609 644 
2896 132 130 131 671 
2897 239 402 606 659 
2898 575 614 535 664 
2899 459 442 457 574 
2900 520 562 490 656 
2901 456 454 455 615 
2902 470 443 451 678 
2903 530 568 483 658 
2904 63 465 368 559 
2905 474 541 604 634 
2906 25 300 623 659 
2907 295 163 296 652 
2908 603 616 475 668 
2909 161 273 330 575 
2910 349 306 346 598 
2911 464 572 461 645 
2912 285 27 303 563 
2913 510 567 601 625 
2914 529 505 614 664 
2915 25 26 300 659 
2916 486 558 537 653 
2917 36 446 392 554 
2918 434 56 345 674 
2919 198 354 643 646 
2920 373 550 217 674 
2921 509 523 649 651 
2922 157 611 156 640 
2923 493 521 606 648 
2924 454 615 456 637 
2925 432 15 410 373 
2926 422 419 421 531 
2927 359 279 561 675 
2928 231 232 230 597 
2929 28 564 381 647 
2930 270 286 269 669 
2931 523 509 649 666 
2932 497 603 592 668 
2933 486 596 555 679 
2934 336 579 176 675 
2935 386 540 32 673 
2936 136 134 135 601 
2937 236 239 238 648 
2938 220 230 229 597 
2939 209 359 279 561 
2940 485 611 536 640 
2941 452 455 530 645 
2942 437 550 410 674 
2943 550 610 515 654 
2944 125 128 130 671 
2945 565 570 484 676 
2946 366 328 172 670 
2947 503 598 542 609 
2948 206 336 176 675 
2949 441 458 450 523 
2950 452 645 530 661 
2951 366 172 364 670 
2952 400 215 399 585 
2953 385 311 312 589 
2954 490 562 520 652 
2955 400 399 288 585 
2956 298 109 106 553 
2957 65 33 288 673 
2958 425 422 431 663 
2959 488 586 539 677 
2960 251 250 187 612 
2961 520 624 536 652 
2962 540 612 494 630 
2963 496 612 540 630 
2964 481 633 553 650 
2965 94 96 93 607 
2966 104 103 102 660 
2967 498 555 596 679 
2968 101 99 102 558 
2969 565 484 589 676 
2970 58 29 28 564 
2971 219 214 218 547 
2972 521 642 492 655 
2973 435 426 409 582 
2974 477 541 591 593 
2975 349 346 191 598 
2976 458 554 464 645 
2977 253 135 133 548 
2978 208 314 347 605 
2979 443 559 451 678 
2980 452 455 454 530 
2981 280 154 145 617 
2982 485 591 541 593 
2983 184 190 189 560 
2984 477 656 593 680 
2985 530 645 478 649 
2986 529 633 505 664 
2987 285 303 201 563 
2988 378 589 309 666 
2989 477 593 591 680 
2990 482 588 546 679 
2991 345 13 56 434 
2992 163 157 162 640 
2993 72 332 388 562 
2994 377 562 338 652 
2995 166 169 167 624 
2996 508 603 616 681 
2997 330 273 181 575 
2998 501 621 602 667 
2999 475 616 603 681 
3000 429 332 411 562 
3001 184 318 190 560 
3002 523 651 509 666 
3003 271 238 242 642 
3004 418 417 610 654 
3005 80 22 23 618 
3006 340 76 391 566 
3007 536 624 296 652 
3008 228 586 199 677 
3009 407 670 559 678 
3010 474 655 577 665 
3011 322 169 166 578 
3012 340 427 76 566 
3013 165 199 182 586 
3014 523 649 645 661 
3015 265 266 121 608 
3016 483 590 561 675 
3017 209 279 153 561 
3018 529 614 575 664 
3019 443 368 559 678 
3020 417 433 416 610 
3021 374 670 407 678 
3022 499 526 628 671 
3023 416 67 412 610 
3024 377 68 338 562 
3025 93 90 92 607 
3026 482 546 625 679 
3027 63 559 316 676 
3028 418 410 437 550 
3029 65 288 399 585 
3030 62 409 10 340 
3031 493 634 541 657 
3032 516 607 537 668 
3033 588 621 501 667 
3034 442 44 342 77 
3035 232 240 260 636 
3036 317 559 407 670 
3037 452 458 645 661 
3038 464 458 446 554 
3039 591 593 485 680 
3040 111 633 569 650 
3041 476 619 568 620 
3042 513 519 658 670 
3043 72 411 332 562 
3044 308 378 309 666 
3045 383 444 362 572 
3046 463 393 362 572 
3047 486 546 588 679 
3048 342 379 359 590 
3049 456 455 461 615 
3050 377 358 332 562 
3051 416 18 74 433 
3052 478 543 572 615 
3053 410 550 373 674 
3054 480 609 546 644 
3055 121 229 265 608 
3056 109 633 111 650 
3057 87 89 183 580 
3058 166 182 322 578 
3059 478 530 615 645 
3060 475 621 588 667 
3061 146 161 157 640 
3062 645 649 530 661 
3063 501 621 558 660 
3064 54 82 469 331 
3065 136 148 147 601 
3066 375 566 345 674 
3067 545 498 596 679 
3068 267 242 244 642 
3069 335 371 336 574 
3070 410 373 434 674 
3071 243 245 244 556 
3072 15 432 365 373 
3073 363 404 78 651 
3074 442 459 468 574 
3075 29 381 28 564 
3076 486 632 546 679 
3077 392 82 363 554 
3078 255 259 320 587 
3079 158 185 159 595 
3080 249 95 248 677 
3081 19 408 367 433 
3082 276 205 272 596 
3083 173 200 181 641 
3084 278 129 175 594 
3085 435 409 9 62 
3086 568 620 619 649 
3087 512 594 555 632 
3088 43 442 468 77 
3089 341 350 203 635 
3090 345 566 414 674 
3091 449 52 466 69 
3092 444 463 362 572 
3093 467 75 48 678 
3094 144 154 178 617 
3095 316 63 317 559 
3096 362 393 81 572 
3097 531 490 656 680 
3098 183 327 277 638 
3099 478 554 572 629 
3100 342 460 44 442 
3101 340 409 10 427 
3102 335 43 468 77 
3103 339 435 9 62 
3104 379 574 336 675 
3105 108 109 111 650 
3106 602 621 475 667 
3107 30 380 57 576 
3108 163 164 296 536 
3109 101 100 99 653 
3110 69 53 466 441 
3111 474 634 655 657 
3112 478 572 554 645 
3113 198 354 188 643 
3114 254 187 253 612 
3115 435 8 415 337 
3116 569 633 481 650 
3117 27 285 28 647 
3118 138 137 142 664 
3119 182 199 228 586 
3120 368 407 559 678 
3121 468 448 42 66 
3122 269 108 112 650 
3123 231 230 220 597 
3124 486 546 632 644 
3125 424 427 409 582 
3126 327 60 292 584 
3127 338 372 295 652 
3128 152 197 364 570 
3129 413 1 22 439 
3130 74 19 367 433 
3131 177 347 287 605 
3132 101 102 103 558 
3133 609 632 502 662 
3134 75 344 374 678 
3135 441 54 469 331 
3136 14 434 410 373 
3137 464 463 461 572 
3138 252 120 319 599 
3139 183 184 189 638 
3140 162 157 161 640 
3141 63 316 311 676 
3142 259 255 150 587 
3143 439 413 431 663 
3144 171 169 188 624 
3145 334 67 416 610 
3146 266 124 118 600 
3147 619 620 509 649 
3148 332 429 68 562 
3149 389 246 401 647 
3150 478 620 568 649 
3151 198 329 354 646 
3152 412 418 417 610 
3153 414 345 76 566 
3154 407 317 368 559 
3155 418 420 419 654 
3156 432 410 418 550 
3157 429 411 423 562 
3158 223 224 186 666 
3159 198 322 227 646 
3160 474 657 655 665 
3161 474 614 577 622 
3162 8 435 339 337 
3163 459 456 473 637 
3164 429 423 440 562 
3165 474 541 634 657 
3166 587 628 526 671 
3167 436 20 408 370 
3168 438 414 566 674 
3169 438 437 414 674 
3170 359 206 279 675 
3171 452 458 455 645 
3172 200 274 301 641 
3173 278 98 100 653 
3174 574 590 483 675 
3175 176 336 207 579 
3176 335 468 42 66 
3177 472 2 36 446 
3178 71 24 25 623 
3179 361 430 4 411 
3180 143 142 273 664 
3181 36 392 363 554 
3182 221 373 365 550 
3183 365 268 221 550 
3184 56 217 375 674 
3185 226 196 225 543 
3186 443 465 451 559 
3187 228 199 248 677 
3188 413 22 1 394 
3189 177 176 207 579 
3190 157 294 156 611 
3191 407 374 366 670 
3192 77 336 379 574 
3193 449 51 312 385 
3194 105 104 106 660 
3195 483 568 631 658 
3196 7 68 415 337 
3197 317 366 364 670 
3198 93 92 94 607 
3199 478 615 572 645 
3200 59 460 342 590 
3201 104 105 103 660 
3202 302 355 354 643 
3203 305 174 324 626 
3204 464 461 455 645 
3205 197 310 316 676 
3206 367 408 20 370 
3207 470 447 467 678 
3208 78 404 400 651 
3209 136 147 134 601 
3210 208 347 177 605 
3211 332 411 5 429 
3212 317 63 368 559 
3213 404 223 400 651 
3214 69 53 441 331 
3215 377 332 68 562 
3216 147 174 305 626 
3217 449 312 52 69 
3218 123 85 201 639 
3219 69 312 378 589 
3220 458 452 450 661 
3221 243 246 245 556 
3222 25 300 71 623 
3223 315 353 81 629 
3224 369 223 404 651 
3225 234 236 235 648 
3226 309 589 311 676 
3227 76 427 414 566 
3228 392 36 2 446 
3229 424 409 426 582 
3230 203 153 141 627 
3231 403 71 300 623 
3232 328 366 374 670 
3233 385 50 63 465 
3234 357 345 375 566 
3235 434 373 56 674 
3236 199 249 248 677 
3237 38 383 444 362 
3238 77 335 336 574 
3239 385 449 51 445 
3240 281 156 294 611 
3241 334 18 74 416 
3242 170 172 350 635 
3243 158 159 139 595 
3244 418 419 417 654 
3245 287 278 175 594 
3246 345 76 12 414 
3247 447 59 46 344 
3248 267 127 271 642 
3249 49 368 63 465 
3250 236 238 235 648 
3251 362 444 38 463 
3252 153 140 141 627 
3253 85 123 86 639 
3254 448 333 41 66 
3255 144 145 154 617 
3256 241 238 239 606 
3257 108 111 112 650 
3258 593 656 490 680 
3259 212 296 167 652 
3260 309 378 312 589 
3261 312 311 309 589 
3262 341 170 350 635 
3263 50 385 445 465 
3264 452 451 450 661 
3265 329 198 227 646 
3266 429 7 68 415 
3267 28 381 246 647 
3268 48 75 368 678 
3269 297 286 270 669 
3270 368 49 443 465 
3271 559 670 519 678 
3272 114 111 109 633 
3273 56 373 217 674 
3274 434 14 56 373 
3275 237 260 261 636 
3276 427 438 414 566 
3277 119 297 270 669 
3278 332 6 68 429 
3279 462 333 41 448 
3280 377 338 212 652 
3281 266 127 124 600 
3282 254 251 187 612 
3283 390 342 359 590 
3284 402 241 239 606 
3285 259 131 128 671 
3286 412 416 17 67 
3287 61 300 26 659 
3288 57 380 397 576 
3289 143 138 142 664 
3290 171 167 169 624 
3291 309 311 310 676 
3292 327 183 189 638 
3293 306 33 32 673 
3294 375 345 56 674 
3295 31 292 60 584 
3296 114 109 137 633 
3297 72 411 5 332 
3298 75 374 407 678 
3299 284 283 282 672 
3300 317 407 366 670 
3301 4 361 411 72 
3302 200 301 181 641 
3303 315 81 35 629 
3304 100 98 99 653 
3305 444 461 463 572 
3306 444 383 39 73 
3307 357 391 76 566 
3308 23 307 80 618 
3309 3 395 430 361 
3310 436 413 21 394 
3311 73 333 40 462 
3312 416 334 17 67 
3313 459 454 456 637 
3314 357 76 345 566 
3315 65 386 32 673 
3316 384 260 240 636 
3317 67 334 387 610 
3318 284 120 283 672 
3319 76 427 12 414 
3320 416 412 417 610 
3321 447 46 59 460 
3322 459 457 454 637 
3323 188 354 355 643 
3324 332 5 6 429 
3325 455 458 464 645 
3326 379 336 206 675 
3327 430 4 3 361 
3328 460 44 45 342 
3329 10 11 340 427 
3330 82 392 55 469 
3331 37 362 463 393 
3332 131 130 128 671 
3333 414 437 434 674 
3334 267 271 242 642 
3335 395 22 1 439 
3336 370 436 21 394 
3337 359 379 206 675 
3338 435 415 426 613 
3339 39 444 73 462 
3340 440 426 415 613 
3341 33 65 32 673 
3342 406 80 307 618 
3343 469 392 55 446 
3344 362 38 37 463 
3345 437 410 434 674 
3346 425 413 436 663 
3347 410 15 14 373 
3348 308 186 224 666 
3349 402 300 61 659 
3350 3 395 439 430 
3351 260 384 261 636 
3352 59 342 390 590 
3353 393 2 36 472 
3354 333 41 40 462 
3355 296 338 295 652 
3356 441 53 54 331 
3357 389 27 28 647 
3358 46 47 447 344 
3359 12 13 345 414 
3360 246 389 28 647 
3361 82 55 54 469 
3362 20 19 408 367 
3363 443 470 467 678 
3364 427 11 340 76 
3365 45 59 460 342 
3366 1 21 413 394 
3367 296 212 338 652 
3368 393 463 37 472 
3369 50 49 63 465 
3370 312 52 51 449 
3371 334 17 18 416 
3372 73 40 39 462 
3373 425 431 413 663 
3374 409 10 9 62 
3375 43 44 442 77 
3376 467 47 48 75 
3377 41 42 448 66 
3378 432 16 15 365 
3379 68 6 7 429 
3380 56 13 14 434 
3381 368 75 407 678 
3382 415 8 7 337 
3383 392 2 55 446 
3384 378 308 224 666 
3385 48 49 443 368 
3386 316 310 311 676 
3387 42 43 468 335 
3388 435 9 8 339 
3389 51 50 385 445 
3390 412 17 16 67 
3391 74 18 19 433 
3392 466 52 53 69 
3393 395 1 3 439 
3394 12 11 427 76 
3395 45 59 46 460 
3396 436 21 20 370 
3397 37 2 393 472 
3398 411 5 4 72 
3399 39 38 383 444 
3400 614 586 575 504 
3401 614 575 586 488 
3402 578 657 646 491 
3403 646 657 578 511 
3404 628 482 667 588 
3405 628 667 482 526 
3406 360 72 507 361 
3407 360 507 72 388 
3408 597 599 608 229 
3409 608 599 597 489 
3410 401 606 556 241 
3411 556 606 401 517 
3412 601 496 595 510 
3413 601 595 496 548 
3414 617 282 178 144 
3415 617 178 282 527 
3416 677 323 199 249 
3417 677 199 323 586 
3418 639 227 348 511 
3419 639 348 227 123 
3420 587 612 256 254 
3421 256 612 587 494 
3422 617 146 143 145 
3423 617 143 146 535 
3424 664 282 114 505 
3425 664 114 282 138 
3426 155 627 555 140 
3427 555 627 155 512 
3428 555 129 155 140 
3429 155 129 555 512 
3430 115 650 669 112 
3431 669 650 115 534 
3432 654 487 591 515 
3433 591 487 654 531 
3434 591 477 654 515 
3435 654 477 591 531 
3436 641 289 299 200 
3437 641 299 289 500 
3438 642 241 238 242 
3439 642 238 241 606 
3440 566 680 531 487 
3441 531 680 566 582 
3442 654 425 531 419 
3443 654 531 425 525 
3444 609 620 496 476 
3445 496 620 609 503 
3446 641 592 529 500 
3447 641 529 592 488 
3448 650 107 269 108 
3449 650 269 107 533 
3450 550 218 217 547 
3451 550 217 218 221 
3452 658 661 649 484 
3453 649 661 658 530 
3454 642 243 244 556 
3455 642 244 243 242 
3456 279 627 155 140 
3457 155 627 279 561 
3458 605 325 193 347 
3459 605 193 325 502 
3460 564 246 396 381 
3461 564 396 246 556 
3462 612 158 253 548 
3463 612 253 158 187 
3464 641 249 571 301 
3465 641 571 249 677 
3466 601 139 510 595 
3467 601 510 139 136 
3468 385 676 63 311 
3469 63 676 385 559 
3470 328 635 204 350 
3471 204 635 328 513 
3472 658 570 619 513 
3473 658 619 570 484 
3474 114 664 137 138 
3475 137 664 114 633 
3476 626 275 326 545 
3477 626 326 275 174 
3478 634 622 604 474 
3479 634 604 622 514 
3480 307 618 405 406 
3481 307 405 618 544 
3482 262 405 618 406 
3483 262 618 405 544 
3484 677 497 488 571 
3485 677 488 497 539 
3486 669 112 269 270 
3487 669 269 112 650 
3488 638 346 584 598 
3489 638 584 346 327 
3490 559 658 661 519 
3491 661 658 559 484 
3492 649 589 661 523 
3493 649 661 589 484 
3494 647 61 401 389 
3495 647 401 61 517 
3496 596 122 141 272 
3497 596 141 122 555 
3498 435 62 582 409 
3499 582 62 435 339 
3500 679 567 482 545 
3501 679 482 567 625 
3502 69 666 589 378 
3503 589 666 69 523 
3504 601 149 626 567 
3505 601 626 149 147 
3506 673 288 551 33 
3507 673 551 288 585 
3508 364 676 197 316 
3509 197 676 364 570 
3510 672 319 527 284 
3511 672 527 319 599 
3512 405 623 307 71 
3513 307 623 405 544 
3514 550 67 412 365 
3515 550 412 67 610 
3516 666 369 223 224 
3517 666 223 369 651 
3518 649 658 619 568 
3519 619 658 649 484 
3520 670 676 484 570 
3521 484 676 670 559 
3522 412 365 16 432 
3523 16 365 412 67 
3524 367 433 525 74 
3525 525 433 367 408 
3526 624 296 164 536 
3527 624 164 296 167 
3528 453 519 678 559 
3529 453 451 678 470 
3530 678 451 453 559 
3531 69 449 589 466 
3532 69 589 449 312 
3533 48 678 443 467 
3534 443 678 48 368 
3535 678 453 471 519 
3536 471 453 678 470 
$EndElements
